country,year,overallscore,propertyrights,governmentintegrity,judicialeffectiveness,taxburden,governmentspending,fiscalhealth,businessfreedom,laborfreedom,monetaryfreedom,tradefreedom,investmentfreedom,financialfreedom,iso3,region,cpiscore
Afghanistan,2012,N/A,N/A,N/A,N/A,N/A,N/A,N/A,N/A,N/A,N/A,N/A,N/A,N/A,AFG,AP,8
Albania,2012,65.1,35,33,N/A,91.4,69.5,N/A,78.2,51,78.6,79.8,65,70,ALB,ECA,33
Algeria,2012,51,30,29,N/A,82.9,47.9,N/A,66.3,54.4,76.3,72.8,20,30,DZA,MENA,34
Angola,2012,46.7,20,19,N/A,84.1,53.2,N/A,45.5,43.9,61.2,65.2,35,40,AGO,SSA,22
Argentina,2012,48,20,29,N/A,65.5,56.9,N/A,61,48.9,60.7,67.6,40,30,ARG,AME,35
Armenia,2012,68.8,30,26,N/A,89.3,74.9,N/A,87.8,76.6,73.1,85.4,75,70,ARM,ECA,34
Australia,2012,83.1,90,87,N/A,63.4,67.1,N/A,91.9,90.6,84.5,86.2,80,90,AUS,AP,85
Austria,2012,70.3,90,79,N/A,50.5,15.4,N/A,70.3,78.1,82.2,87.2,80,70,AUT,WE/EU,69
Azerbaijan,2012,58.9,20,24,N/A,84.9,63.7,N/A,68.6,81.6,74.5,77.2,55,40,AZE,ECA,27
Bahrain,2012,75.2,55,49,N/A,99.9,72.2,N/A,76.5,91.1,70.4,82.8,75,80,BHR,MENA,51
Barbados,2012,69,80,78,N/A,71.1,40.1,N/A,90,80,75.8,60.5,55,60,BRB,AME,76
Belarus,2012,49,20,25,N/A,86.6,34.9,N/A,71.3,77,65.3,80.4,20,10,BLR,ECA,31
Belgium,2012,69,80,71,N/A,44.8,12.1,N/A,92.3,71.3,81.2,87.1,80,70,BEL,WE/EU,75
Benin,2012,55.7,30,28,N/A,76.2,79.9,N/A,42.9,51.5,79.7,59.3,60,50,BEN,SSA,36
Bhutan,2012,56.6,60,57,N/A,83.8,55.3,N/A,59.7,78.6,72.6,49.5,20,30,BTN,AP,63
Bolivia,2012,50.2,10,28,N/A,87,62.2,N/A,56.5,40.8,72.8,74.3,20,50,BOL,AME,34
Bosnia and Herzegovina,2012,57.3,20,32,N/A,84.3,24.4,N/A,55.2,60.4,80.7,86,70,60,BIH,ECA,42
Botswana,2012,69.6,70,58,N/A,78.3,53.7,N/A,69.1,70.2,72.4,79.7,75,70,BWA,SSA,65
Brazil,2012,57.9,50,37,N/A,69.1,54.8,N/A,53.7,59.1,75.8,69.7,50,60,BRA,AME,43
Bulgaria,2012,64.7,30,36,N/A,93.6,50.3,N/A,72.7,84.2,77.8,87.1,55,60,BGR,WE/EU,41
Burkina Faso,2012,60.6,30,31,N/A,80.4,84,N/A,62.8,58.9,81.4,72.5,55,50,BFA,SSA,38
Burundi,2012,48.1,20,18,N/A,72.2,22.9,N/A,46.1,67.2,70.9,78.9,55,30,BDI,SSA,19
Cabo Verde,2012,63.5,65,51,N/A,77.3,61.8,N/A,59,48.5,80.5,66.9,65,60,CPV,SSA,60
Cambodia,2012,57.6,30,21,N/A,91.1,90,N/A,40.7,47.2,80.7,65.2,60,50,KHM,AP,22
Cameroon,2012,51.8,30,22,N/A,69.3,90.8,N/A,47.1,48.1,70.9,54.9,35,50,CMR,SSA,26
Canada,2012,79.9,90,89,N/A,79.2,41.7,N/A,96.6,81.8,77.3,87.9,75,80,CAN,AME,84
Central African Republic,2012,50.3,20,21,N/A,65.2,92.9,N/A,37.3,49.1,74.6,57.8,55,30,CAF,SSA,26
Chad,2012,44.8,20,17,N/A,50.2,74.2,N/A,24.9,43.7,72.5,55.6,50,40,TCD,SSA,19
Chile,2012,78.3,90,72,N/A,77.4,82.1,N/A,68.6,75.1,85.6,82,80,70,CHL,AME,72
China,2012,51.2,20,35,N/A,70.4,84.1,N/A,46.4,55.4,74.2,71.6,25,30,CHN,AP,39
Colombia,2012,68,50,35,N/A,76,74.1,N/A,89.4,79.7,78.7,72.2,65,60,COL,AME,36
Comoros,2012,45.7,30,21,N/A,64.9,85.3,N/A,41.5,31.2,78.3,69.4,15,20,COM,SSA,28
Croatia,2012,60.9,40,41,N/A,76.4,45,N/A,63.4,44.4,81.4,87.5,70,60,HRV,WE/EU,46
Cuba,2012,28.3,10,37,N/A,61.5,0,N/A,10,20,71.3,62.7,0,10,CUB,AME,48
Cyprus,2012,71.8,70,63,N/A,83.3,37.1,N/A,81.6,69.9,85.7,82.1,75,70,CYP,WE/EU,66
Czech Republic,2012,69.9,70,46,N/A,82,36.8,N/A,67.7,77.9,81.5,87.1,70,80,CZE,WE/EU,49
Denmark,2012,76.2,90,93,N/A,39.8,0,N/A,99.1,92.1,80.7,87.1,90,90,DNK,WE/EU,90
Djibouti,2012,53.9,30,32,N/A,80.3,42.4,N/A,30.5,61.6,77.2,59.6,65,60,DJI,SSA,36
Dominica,2012,61.6,60,52,N/A,68.8,43.8,N/A,80.5,61.9,85,74.3,60,30,DMA,AME,58
Dominican Republic,2012,60.2,30,30,N/A,85.8,91.4,N/A,55.5,58.7,75.1,80.1,55,40,DOM,AME,32
Ecuador,2012,48.3,20,25,N/A,78.3,64.3,N/A,54.1,41,66.8,68.1,25,40,ECU,AME,32
Egypt,2012,57.9,35,31,N/A,89.7,64.1,N/A,63.8,53.7,62.3,74,65,40,EGY,MENA,32
Equatorial Guinea,2012,42.8,20,19,N/A,75.5,28,N/A,44.7,43.8,73.1,58.8,25,40,GNQ,SSA,20
Eritrea,2012,36.2,10,26,N/A,57,46.8,N/A,17.1,63.2,52.9,69.1,0,20,ERI,SSA,25
Estonia,2012,73.2,80,65,N/A,79.1,38.8,N/A,75.7,56.9,79.3,87.1,90,80,EST,WE/EU,64
Eswatini,2012,57.2,40,32,N/A,67.2,56.5,N/A,66.4,70.8,74.5,69.7,55,40,SWZ,SSA,37
Ethiopia,2012,52,30,27,N/A,74.8,91.1,N/A,64.4,55.5,67.1,65.6,25,20,ETH,SSA,33
Finland,2012,72.3,90,92,N/A,65.4,5.2,N/A,94.9,42.4,81.3,87.1,85,80,FIN,WE/EU,90
France,2012,63.2,80,68,N/A,53.8,5.3,N/A,83.7,51.6,82.3,82.1,55,70,FRA,WE/EU,71
Gabon,2012,56.4,40,28,N/A,73.5,81.5,N/A,57.7,59.8,77.7,61.1,45,40,GAB,SSA,35
Georgia,2012,69.4,40,38,N/A,87.8,55.8,N/A,86.9,92.1,74.4,89.2,70,60,GEO,ECA,52
Germany,2012,71,90,79,N/A,61.3,32.2,N/A,90.5,41.4,83.5,87.1,85,60,DEU,WE/EU,79
Ghana,2012,60.7,50,41,N/A,81.9,48.3,N/A,62.9,62.9,66.9,67.8,65,60,GHA,SSA,45
Greece,2012,55.4,50,35,N/A,65.3,16.2,N/A,76.3,36.6,72.6,82.1,60,60,GRC,WE/EU,36
Guinea,2012,50.8,20,20,N/A,69.3,82.6,N/A,38.5,64.7,67.1,61.2,45,40,GIN,SSA,24
Guyana,2012,51.3,30,27,N/A,64,52,N/A,65.5,65.3,77.4,71.5,30,30,GUY,AME,28
Haiti,2012,50.7,10,22,N/A,80.6,85.3,N/A,33.3,65.4,76,74.8,30,30,HTI,AME,19
Hong Kong,2012,89.9,90,84,N/A,93.1,91,N/A,98.9,86.5,85.8,90,90,90,HKG,AP,77
Iceland,2012,70.9,90,85,N/A,73.5,21.8,N/A,92,60.9,72.5,88.2,65,60,ISL,WE/EU,82
India,2012,54.6,50,33,N/A,76.1,74.8,N/A,35.5,74.2,62.9,64.1,35,40,IND,AP,36
Indonesia,2012,56.4,30,28,N/A,83.5,91.6,N/A,54.6,52.1,75.2,73.9,35,40,IDN,AP,32
Iran,2012,42.3,10,22,N/A,80.6,76.9,N/A,64.8,51.5,62,45.7,0,10,IRN,MENA,28
Iraq,2012,N/A,N/A,N/A,N/A,N/A,N/A,N/A,N/A,N/A,N/A,N/A,N/A,N/A,IRQ,MENA,18
Ireland,2012,76.9,90,80,N/A,73.9,30.4,N/A,92.8,78.4,76.7,87.1,90,70,IRL,WE/EU,69
Israel,2012,67.8,70,61,N/A,64.1,41,N/A,64.4,65.1,79,83.6,80,70,ISR,MENA,60
Italy,2012,58.8,50,39,N/A,55,19.4,N/A,77.4,43,82,87.1,75,60,ITA,WE/EU,42
Japan,2012,71.6,80,78,N/A,67.1,47,N/A,81.8,81.4,88.9,81.8,60,50,JPN,AP,74
Jordan,2012,69.9,55,47,N/A,93.5,67,N/A,69.5,75.7,81.2,79.6,70,60,JOR,MENA,48
Kazakhstan,2012,63.6,40,29,N/A,90.4,83.4,N/A,72.9,88.7,71.8,79.6,30,50,KAZ,ECA,28
Kenya,2012,57.5,30,21,N/A,77.7,75.3,N/A,61.7,63.3,79.1,66.7,50,50,KEN,SSA,27
Kosovo,2012,N/A,N/A,N/A,N/A,N/A,N/A,N/A,N/A,N/A,N/A,N/A,N/A,N/A,KSV,ECA,34
Kuwait,2012,62.5,50,45,N/A,99.9,47.2,N/A,61.8,63.5,71.3,81.6,55,50,KWT,MENA,44
Laos,2012,50,15,21,N/A,79.8,86.6,N/A,61.6,55.7,76.9,58.7,25,20,LAO,AP,21
Latvia,2012,65.2,50,43,N/A,84.3,43.8,N/A,75.9,59.1,79.1,87.1,80,50,LVA,WE/EU,49
Lebanon,2012,60.1,25,25,N/A,90.8,68.2,N/A,53.9,60.6,76.9,80.4,60,60,LBN,MENA,30
Lesotho,2012,46.6,40,35,N/A,49.1,0,N/A,57.5,65,75.5,69.1,35,40,LSO,SSA,45
Liberia,2012,48.6,30,33,N/A,76.6,74.8,N/A,55.9,50.6,71.8,53.8,20,20,LBR,SSA,41
Libya,2012,35.9,10,22,N/A,80.2,17.9,N/A,20,20,73.6,85,10,20,LBY,MENA,21
Lithuania,2012,71.5,60,50,N/A,93.6,41.7,N/A,79.2,64.6,79.3,87.1,80,80,LTU,WE/EU,54
Luxembourg,2012,74.5,90,85,N/A,63.6,46.6,N/A,75.9,40.9,81.3,87.1,95,80,LUX,WE/EU,80
Madagascar,2012,62.4,40,26,N/A,88.3,93.6,N/A,71.1,50.8,76,73.5,55,50,MDG,SSA,32
Malawi,2012,56.4,45,34,N/A,79.3,62.2,N/A,42,58.2,72.6,70.9,50,50,MWI,SSA,37
Maldives,2012,49.2,25,23,N/A,98,0,N/A,89.7,71.9,75.3,43.7,35,30,MDV,AP,
Mali,2012,55.8,30,27,N/A,60.1,79.9,N/A,50.8,66.5,80.7,73.2,50,40,MLI,SSA,34
Malta,2012,67,70,56,N/A,67.8,43.8,N/A,70,60,80.5,87.1,75,60,MLT,WE/EU,57
Mauritania,2012,53,25,23,N/A,80.5,71.9,N/A,51.3,53.2,75.5,69.9,40,40,MRT,SSA,31
Mauritius,2012,77,65,54,N/A,91.9,83.4,N/A,78.7,70.4,78.3,87.9,90,70,MUS,SSA,57
Mexico,2012,65.3,50,31,N/A,80.7,78.3,N/A,82,61.3,76.5,72.9,60,60,MEX,AME,34
Moldova,2012,54.4,40,29,N/A,86.5,38.7,N/A,70,41.7,74.4,79,35,50,MDA,ECA,36
Mongolia,2012,61.5,30,27,N/A,88.5,62.8,N/A,67.7,74.5,74.3,79.8,50,60,MNG,AP,36
Montenegro,2012,62.5,40,37,N/A,91.3,31.7,N/A,69.2,86.1,81.2,83.6,55,50,MNE,ECA,41
Morocco,2012,60.2,40,34,N/A,69.7,74.8,N/A,77.2,27.6,77.9,75.7,65,60,MAR,MENA,37
Namibia,2012,61.9,30,44,N/A,65.7,73,N/A,70.8,85,74.4,86.5,50,40,NAM,SSA,48
Nepal,2012,50.2,30,22,N/A,86,88.1,N/A,53.6,45.4,74.9,61.5,10,30,NPL,AP,27
Netherlands,2012,73.3,90,88,N/A,51.2,20.9,N/A,81.9,60,83.6,87.1,90,80,NLD,WE/EU,84
New Zealand,2012,82.1,95,93,N/A,71.6,45,N/A,99.9,89.9,85.2,86.8,75,80,NZL,AP,90
Niger,2012,54.3,30,26,N/A,76.9,80.5,N/A,35.9,40.8,86.4,71.7,55,40,NER,SSA,33
Nigeria,2012,56.3,30,24,N/A,84.3,72.3,N/A,55.6,80.6,72,63.9,40,40,NGA,SSA,27
Norway,2012,68.8,90,86,N/A,52.5,35.3,N/A,88.4,46.3,75.1,89.3,65,60,NOR,WE/EU,85
Oman,2012,67.9,50,53,N/A,98.4,53.6,N/A,68.2,85.1,72.1,83.7,55,60,OMN,MENA,47
Papua New Guinea,2012,53.8,20,21,N/A,68.3,72.6,N/A,59,74,73.2,84.8,35,30,PNG,AP,25
Peru,2012,68.7,40,35,N/A,79.7,90.9,N/A,72,68.5,85.5,85,70,60,PER,AME,38
Philippines,2012,57.1,30,24,N/A,79.1,89.7,N/A,54.3,51.7,77.1,75.5,40,50,PHL,AP,34
Poland,2012,64.2,60,53,N/A,74.4,40.3,N/A,61.4,61.3,79.1,87.1,65,60,POL,WE/EU,58
Portugal,2012,63,70,60,N/A,59,25.5,N/A,83,32.5,82.6,87.1,70,60,PRT,WE/EU,63
Qatar,2012,71.3,70,77,N/A,99.7,73.6,N/A,69.7,67.9,77.1,82.5,45,50,QAT,MENA,68
Romania,2012,64.4,40,37,N/A,87.4,55.1,N/A,70.5,62.6,74.3,87.1,80,50,ROU,WE/EU,44
Russia,2012,50.5,25,21,N/A,82.5,48.6,N/A,65.1,63.5,66.3,68.2,25,40,RUS,ECA,28
Rwanda,2012,64.9,35,40,N/A,77.2,78.5,N/A,73.6,91.4,75.2,78,60,40,RWA,SSA,53
Saint Lucia,2012,71.3,70,70,N/A,74.1,67.7,N/A,84.7,83.5,85.8,71.9,65,40,LCA,AME,71
Saint Vincent and the Grenadines,2012,66.5,70,64,N/A,71.5,60.7,N/A,77.4,76.7,81.1,73.3,50,40,VCT,AME,62
Saudi Arabia,2012,62.5,45,47,N/A,99.6,37.3,N/A,87.5,71.1,64.9,82.3,40,50,SAU,MENA,44
Senegal,2012,55.4,40,29,N/A,65.4,78.5,N/A,58.4,43.5,81.6,72.2,45,40,SEN,SSA,36
Seychelles,2012,53,50,48,N/A,76,59.6,N/A,62.3,58,67.4,33.4,45,30,SYC,SSA,52
Sierra Leone,2012,49.1,10,24,N/A,80.9,84.3,N/A,51.8,42,70.1,62.8,45,20,SLE,SSA,31
Singapore,2012,87.5,90,93,N/A,91.3,91.3,N/A,97.2,92.1,84.8,90,75,70,SGP,AP,87
Slovakia,2012,67,50,43,N/A,84.2,48.2,N/A,71,58.1,83.5,87.1,75,70,SVK,WE/EU,46
Slovenia,2012,62.9,60,64,N/A,64.8,27.9,N/A,81.4,42.2,81.2,87.1,70,50,SVN,WE/EU,61
Solomon Islands,2012,46.2,30,28,N/A,69.3,30.3,N/A,63.7,68.1,77.4,55.4,10,30,SLB,AP,
Somalia,2012,N/A,N/A,N/A,N/A,N/A,N/A,N/A,N/A,N/A,N/A,N/A,N/A,N/A,SOM,SSA,8
South Africa,2012,62.7,50,45,N/A,70.7,71.9,N/A,75.8,57.3,75,76.3,45,60,ZAF,SSA,43
Spain,2012,69.1,70,61,N/A,61.3,37.1,N/A,81.3,51.8,81.5,87.1,80,80,ESP,WE/EU,65
Sri Lanka,2012,58.3,40,32,N/A,73.5,81.4,N/A,78,62.1,68.5,77.1,30,40,LKA,AP,40
Sudan,2012,N/A,N/A,N/A,N/A,N/A,N/A,N/A,N/A,N/A,N/A,N/A,N/A,N/A,SDN,SSA,13
Suriname,2012,52.6,40,37,N/A,63.2,67.5,N/A,40.7,81.2,74.5,66.3,25,30,SUR,AME,37
Sweden,2012,71.7,90,92,N/A,39.1,8.8,N/A,94.6,54.6,80.9,87.1,90,80,SWE,WE/EU,88
Switzerland,2012,81.1,90,87,N/A,67.9,65.8,N/A,77.9,87.9,84.4,90,80,80,CHE,WE/EU,86
Syria,2012,51.2,30,25,N/A,84.4,78.5,N/A,60.1,50,70.9,72.8,20,20,SYR,MENA,26
Taiwan,2012,71.9,70,58,N/A,80.4,92.3,N/A,88.5,46.6,83.1,85,65,50,TWN,AP,61
Tajikistan,2012,53.4,20,21,N/A,89,75.5,N/A,61.6,56.8,67.4,82.5,20,40,TJK,ECA,22
Tanzania,2012,57,30,27,N/A,79.7,80.2,N/A,45.2,60.1,69.4,73.5,55,50,TZA,SSA,35
Timor-Leste,2012,43.3,20,25,N/A,64.7,0,N/A,43.1,75.1,77.4,73,35,20,TLS,AP,33
Togo,2012,48.3,30,24,N/A,68.6,85.6,N/A,34.8,45.2,78.3,61.7,25,30,TGO,SSA,30
Trinidad and Tobago,2012,64.4,50,36,N/A,85.5,65.1,N/A,60.1,77.3,70.1,69.9,60,70,TTO,AME,39
Tunisia,2012,58.6,40,43,N/A,74.8,71.5,N/A,82.9,74.1,76.9,58.1,35,30,TUN,MENA,41
Turkey,2012,62.5,50,44,N/A,77.7,58.5,N/A,67.1,40,71.9,85.4,70,60,TUR,ECA,49
Turkmenistan,2012,43.8,10,16,N/A,98.4,93.5,N/A,30,30,71,79.2,0,10,TKM,ECA,17
Uganda,2012,61.9,30,25,N/A,80.4,93,N/A,49.1,87.9,74.6,73.6,45,60,UGA,SSA,29
Ukraine,2012,46.1,30,24,N/A,78.2,29.4,N/A,46.2,51.2,67.7,84.4,20,30,UKR,ECA,26
United Arab Emirates,2012,69.3,55,63,N/A,99.9,80.1,N/A,68,78.8,80.9,82.6,35,50,ARE,MENA,68
United Kingdom,2012,74.1,90,76,N/A,56.4,21.5,N/A,94.7,71.5,73.9,87.1,90,80,GBR,WE/EU,74
Uzbekistan,2012,45.8,15,16,N/A,94.4,64.9,N/A,67.6,60.1,64.2,66.1,0,10,UZB,ECA,17
Vanuatu,2012,56.6,40,36,N/A,97,79.9,N/A,59.3,50.7,78.4,55.1,30,40,VUT,AP,
Vietnam,2012,51.3,15,27,N/A,76.5,66.5,N/A,61.1,67.3,75.1,79.6,15,30,VNM,AP,31
Yemen,2012,55.3,30,22,N/A,83.1,62.8,N/A,71.5,57.3,69.3,81.5,45,30,YEM,MENA,23
Zambia,2012,58.3,30,30,N/A,73.3,84.9,N/A,61.2,51.1,64.9,82.3,55,50,ZMB,SSA,37
Zimbabwe,2012,26.3,10,24,N/A,65.2,38.7,N/A,34.9,29.6,0,50.4,0,10,ZWE,SSA,20
Afghanistan,2013,N/A,N/A,15,N/A,N/A,83.2,N/A,59.7,75.8,69.5,N/A,65,N/A,AFG,AP,8
Albania,2013,65.2,30,31,N/A,92.6,75.1,N/A,81,49,78.4,79.8,65,70,ALB,ECA,31
Algeria,2013,49.6,30,29,N/A,80.4,44.1,N/A,65.2,52.6,76.6,67.8,20,30,DZA,MENA,36
Angola,2013,47.3,15,20,N/A,82.6,60.6,N/A,43.1,44.8,61.5,70.2,35,40,AGO,SSA,23
Argentina,2013,46.7,15,30,N/A,64.3,52.1,N/A,60.1,47.4,60.4,67.6,40,30,ARG,AME,34
Armenia,2013,69.4,30,26,N/A,88,82.1,N/A,87.6,77.1,73,85.4,75,70,ARM,ECA,36
Australia,2013,82.6,90,88,N/A,66.4,62.8,N/A,95.5,83.5,83.8,86.2,80,90,AUS,AP,81
Austria,2013,71.8,90,78,N/A,51.1,23.5,N/A,73.6,80.4,79.3,86.8,85,70,AUT,WE/EU,69
Azerbaijan,2013,59.7,25,24,N/A,85.5,67.8,N/A,69.2,79.4,73.5,77.2,55,40,AZE,ECA,28
Bahrain,2013,75.5,55,51,N/A,99.9,72.4,N/A,75.8,90.4,72.5,82.8,75,80,BHR,MENA,48
Barbados,2013,69.3,80,78,N/A,74.5,54.2,N/A,74.8,84.4,72.1,60.5,55,60,BRB,AME,75
Belarus,2013,48,20,24,N/A,88.8,43.5,N/A,75.2,76.9,40.7,80.8,20,10,BLR,ECA,29
Belgium,2013,69.2,80,75,N/A,45,14.5,N/A,91.6,69.8,79.3,86.8,80,70,BEL,WE/EU,75
Benin,2013,57.6,30,30,N/A,76.1,86.1,N/A,45.4,49.7,79.9,59.3,70,50,BEN,SSA,36
Bhutan,2013,55,60,57,N/A,82.7,38.8,N/A,60.5,84.4,67.3,49.5,20,30,BTN,AP,63
Bolivia,2013,47.9,10,28,N/A,88.8,64.1,N/A,55.8,30.8,67.4,74.3,10,50,BOL,AME,34
Bosnia and Herzegovina,2013,57.3,20,32,N/A,83.2,26.9,N/A,54.3,61.2,79,86.4,70,60,BIH,ECA,42
Botswana,2013,70.6,70,61,N/A,79.5,65.1,N/A,69,69.8,72,79.7,70,70,BWA,SSA,64
Brazil,2013,57.7,50,38,N/A,70.3,54.8,N/A,53,57.2,74.4,69.7,50,60,BRA,AME,42
Bulgaria,2013,65,30,33,N/A,94,64.2,N/A,73.6,74.8,78.6,86.8,55,60,BGR,WE/EU,41
Burkina Faso,2013,59.9,30,30,N/A,81.4,82,N/A,61.2,56.4,80.6,72.5,55,50,BFA,SSA,38
Burundi,2013,49,20,19,N/A,71.5,22.6,N/A,58.4,66.4,68.7,78.9,55,30,BDI,SSA,21
Cabo Verde,2013,63.7,70,55,N/A,77.9,65.4,N/A,58.9,40.3,78,66.9,65,60,CPV,SSA,58
Cambodia,2013,58.5,30,21,N/A,90.9,88.4,N/A,39.4,54.2,81.3,70.2,60,50,KHM,AP,20
Cameroon,2013,52.3,30,25,N/A,69.3,87.1,N/A,46.8,55.5,69.9,54.9,35,50,CMR,SSA,25
Canada,2013,79.4,90,87,N/A,79.8,44.8,N/A,91.7,82.3,75.2,88.2,75,80,CAN,AME,81
Central African Republic,2013,50.4,20,22,N/A,65.1,92.4,N/A,35.2,47.9,78.1,57.8,55,30,CAF,SSA,25
Chad,2013,45.2,20,20,N/A,50.4,75.5,N/A,25.2,40.5,74.6,55.6,50,40,TCD,SSA,19
Chile,2013,79,90,72,N/A,77.6,83.7,N/A,70.5,74.2,84.6,82,85,70,CHL,AME,71
China,2013,51.9,20,36,N/A,70.2,83.3,N/A,48,62.6,71.6,72,25,30,CHN,AP,40
Colombia,2013,69.6,50,34,N/A,76.1,75.2,N/A,90.2,79.3,78.7,72.2,70,70,COL,AME,36
Comoros,2013,47.5,30,24,N/A,64.7,82.4,N/A,44.7,51.2,74.6,68.8,15,20,COM,SSA,28
Croatia,2013,61.3,40,40,N/A,75.4,48.7,N/A,63,42.4,81.1,87.5,75,60,HRV,WE/EU,48
Cuba,2013,28.5,10,42,N/A,62.7,0,N/A,10,20,67.4,62.7,0,10,CUB,AME,46
Cyprus,2013,69,70,63,N/A,79.8,32.7,N/A,80.7,62.8,84.1,81.8,75,60,CYP,WE/EU,63
Czech Republic,2013,70.9,70,44,N/A,82,43.5,N/A,65.8,85.5,81.7,86.8,70,80,CZE,WE/EU,48
Denmark,2013,76.1,90,94,N/A,39.8,5.9,N/A,98.4,91.1,80,86.8,85,90,DNK,WE/EU,91
Djibouti,2013,53.9,30,30,N/A,79.4,48.8,N/A,30,59.6,76.6,59.6,65,60,DJI,SSA,36
Dominica,2013,63.9,60,52,N/A,72,50.1,N/A,77,68.8,85.3,74.3,70,30,DMA,AME,58
Dominican Republic,2013,59.7,30,26,N/A,83.7,92.6,N/A,53.7,55.6,72.9,77.8,65,40,DOM,AME,29
Ecuador,2013,46.9,20,27,N/A,80.1,47.3,N/A,51.5,48,66.9,68.1,20,40,ECU,AME,35
Egypt,2013,54.8,35,29,N/A,85.6,69.4,N/A,63.3,43.3,58.4,73.8,50,40,EGY,MENA,32
Equatorial Guinea,2013,42.3,15,19,N/A,75.4,39.3,N/A,44.4,43.1,72.8,58.8,25,30,GNQ,SSA,19
Eritrea,2013,36.3,10,25,N/A,57,54.6,N/A,17.3,54.6,55.5,69.1,0,20,ERI,SSA,20
Estonia,2013,75.3,85,64,N/A,79.7,56.2,N/A,78.2,56,77.1,86.8,90,80,EST,WE/EU,68
Eswatini,2013,57.2,40,31,N/A,74.4,51.3,N/A,66,70.3,74.7,69.7,55,40,SWZ,SSA,39
Ethiopia,2013,49.4,30,27,N/A,74.2,89.6,N/A,52.4,46.9,64.7,64,25,20,ETH,SSA,33
Finland,2013,74,90,94,N/A,66.9,12.2,N/A,94.8,45.3,79.5,86.8,90,80,FIN,WE/EU,89
France,2013,64.1,80,70,N/A,53,5.6,N/A,84,50.5,81.1,81.8,65,70,FRA,WE/EU,71
Gabon,2013,57.8,40,30,N/A,74.2,80.1,N/A,56.5,63.1,77.5,61.1,55,40,GAB,SSA,34
Georgia,2013,72.2,45,41,N/A,88.2,68.9,N/A,90.6,91.1,72.6,89.2,75,60,GEO,ECA,49
Germany,2013,72.8,90,80,N/A,61.8,37.3,N/A,92.1,43.8,81.2,86.8,85,70,DEU,WE/EU,78
Ghana,2013,61.3,50,39,N/A,86,52.5,N/A,61.5,61.6,64.8,67.8,70,60,GHA,SSA,46
Greece,2013,55.4,40,34,N/A,66.2,24.7,N/A,77.1,42.1,73.4,81.8,65,50,GRC,WE/EU,40
Guinea,2013,51.2,20,21,N/A,69.6,82.6,N/A,46.1,63.8,62.8,61.2,45,40,GIN,SSA,24
Guyana,2013,53.8,30,25,N/A,67.9,61.1,N/A,66.3,75.4,75.9,71.2,35,30,GUY,AME,27
Haiti,2013,48.1,10,18,N/A,80.7,66.3,N/A,33.4,63.6,74.2,74.8,30,30,HTI,AME,19
Hong Kong,2013,89.3,90,84,N/A,92.9,88.9,N/A,98.9,86.2,82.1,90,90,90,HKG,AP,75
Iceland,2013,72.1,90,83,N/A,72.7,36.2,N/A,91.5,58.9,75.8,87.8,65,60,ISL,WE/EU,78
India,2013,55.2,50,31,N/A,78.3,77.9,N/A,37.3,73.6,65.3,63.6,35,40,IND,AP,36
Indonesia,2013,56.9,30,30,N/A,83.4,89.2,N/A,50.2,50.8,75.5,75,35,50,IDN,AP,32
Iran,2013,43.2,10,27,N/A,80.8,80.5,N/A,65.3,55,58,45.7,0,10,IRN,MENA,25
Iraq,2013,N/A,N/A,18,N/A,N/A,N/A,N/A,47,70.1,N/A,N/A,N/A,N/A,IRQ,MENA,16
Ireland,2013,75.7,90,75,N/A,73.8,28.8,N/A,83.4,76.6,82.8,86.8,90,70,IRL,WE/EU,72
Israel,2013,66.9,70,58,N/A,60.2,39.3,N/A,66.1,63.7,78.6,83,80,70,ISR,MENA,61
Italy,2013,60.6,50,39,N/A,55.5,25.3,N/A,76.9,52,80.2,86.8,80,60,ITA,WE/EU,43
Japan,2013,71.8,80,80,N/A,69.2,45,N/A,81.3,80.3,90.6,81.8,60,50,JPN,AP,74
Jordan,2013,70.4,60,45,N/A,93.6,68.8,N/A,69.2,75.5,82,79.6,70,60,JOR,MENA,45
Kazakhstan,2013,63,35,27,N/A,93.2,84.5,N/A,71.8,88.4,72.2,78.2,30,50,KAZ,ECA,26
Kenya,2013,55.9,30,22,N/A,77.5,73.5,N/A,58,57.1,73.8,66.7,50,50,KEN,SSA,27
Kosovo,2013,N/A,30,29,N/A,93.5,73,N/A,52.4,77.7,N/A,N/A,65,N/A,KSV,ECA,33
Kuwait,2013,63.1,50,46,N/A,99.9,61.5,N/A,57.7,62.8,71.6,76.8,55,50,KWT,MENA,43
Laos,2013,50.1,15,22,N/A,79.7,85.8,N/A,62.1,54.7,73,58.7,30,20,LAO,AP,26
Latvia,2013,66.5,50,42,N/A,84.4,53.6,N/A,75.7,64.4,78.3,86.8,80,50,LVA,WE/EU,53
Lebanon,2013,59.5,20,25,N/A,90.8,74.6,N/A,50.3,57.2,76.5,80.4,60,60,LBN,MENA,28
Lesotho,2013,47.9,40,35,N/A,48.2,0,N/A,63.7,62.8,75.7,69.1,45,40,LSO,SSA,49
Liberia,2013,49.3,30,32,N/A,76.6,77.8,N/A,56.5,47.2,72,61.4,20,20,LBR,SSA,38
Libya,2013,N/A,10,20,N/A,N/A,N/A,N/A,N/A,N/A,64.8,85,10,20,LBY,MENA,15
Lithuania,2013,72.1,60,48,N/A,92.8,53.6,N/A,77.6,64.1,78.3,86.8,80,80,LTU,WE/EU,57
Luxembourg,2013,74.2,90,85,N/A,65,47.1,N/A,74.8,39,79.3,86.8,95,80,LUX,WE/EU,80
Madagascar,2013,62,40,30,N/A,90,94.6,N/A,63.5,47.4,74.9,74.6,55,50,MDG,SSA,28
Malawi,2013,55.3,40,30,N/A,78.4,60,N/A,41.1,58.8,72.5,71.8,50,50,MWI,SSA,37
Maldives,2013,49,25,25,N/A,98.8,14.5,N/A,88.7,64,70.4,43.7,30,30,MDV,AP,
Mali,2013,56.4,30,28,N/A,69.6,83.9,N/A,50.1,64.6,79.9,73.2,45,40,MLI,SSA,28
Malta,2013,67.5,75,56,N/A,61.2,44.1,N/A,61.1,65.4,80.4,86.8,85,60,MLT,WE/EU,56
Mauritania,2013,52.3,25,24,N/A,80.3,74.7,N/A,43.3,51.1,75.1,64.8,45,40,MRT,SSA,30
Mauritius,2013,76.9,70,51,N/A,92.1,81.9,N/A,78.2,72.3,75.4,87.9,90,70,MUS,SSA,52
Mexico,2013,67,50,30,N/A,81.1,79.4,N/A,81.4,59.7,77.7,80.6,70,60,MEX,AME,34
Moldova,2013,55.5,40,29,N/A,87.2,50.1,N/A,69.7,40.9,73.4,80,35,50,MDA,ECA,35
Mongolia,2013,61.7,30,27,N/A,82.5,62.6,N/A,70.4,79.2,75.6,79.8,50,60,MNG,AP,38
Montenegro,2013,62.6,40,40,N/A,92.4,41.5,N/A,72.7,71.4,79.9,83,55,50,MNE,ECA,44
Morocco,2013,59.6,40,34,N/A,71.4,64.3,N/A,76.4,30.1,78.9,70.8,70,60,MAR,MENA,37
Namibia,2013,60.3,30,44,N/A,66.4,71.5,N/A,68.4,76.7,74.9,81.5,50,40,NAM,SSA,48
Nepal,2013,50.4,30,22,N/A,85.8,89.2,N/A,57.2,44.3,75.1,60.8,10,30,NPL,AP,31
Netherlands,2013,73.5,90,89,N/A,52.1,24.7,N/A,83,58.6,81.1,86.8,90,80,NLD,WE/EU,83
New Zealand,2013,81.4,95,95,N/A,71.5,33.2,N/A,99.9,89.5,83.3,86.8,80,80,NZL,AP,91
Niger,2013,53.9,30,25,N/A,77,80.1,N/A,35.2,39.3,85.4,71.7,55,40,NER,SSA,34
Nigeria,2013,55.1,30,24,N/A,82.6,74.6,N/A,55.7,67.2,73.3,63.9,40,40,NGA,SSA,25
Norway,2013,70.5,90,90,N/A,51,40.3,N/A,92.6,44.7,76.9,89.3,70,60,NOR,WE/EU,86
Oman,2013,68.1,50,48,N/A,98.5,69.1,N/A,68.1,80.9,72.7,78.7,55,60,OMN,MENA,47
Papua New Guinea,2013,53.6,20,22,N/A,67.4,72.3,N/A,58.3,73.4,72.4,85,35,30,PNG,AP,25
Peru,2013,68.2,40,34,N/A,79.9,89.1,N/A,72.3,67.1,84.3,85,70,60,PER,AME,38
Philippines,2013,58.2,30,26,N/A,79.3,90.2,N/A,53.1,51,76.6,75.5,50,50,PHL,AP,36
Poland,2013,66,60,55,N/A,76,43,N/A,64,62.9,77.7,86.8,65,70,POL,WE/EU,60
Portugal,2013,63.1,70,61,N/A,61.6,28.3,N/A,82.8,31,79.4,86.8,70,60,PRT,WE/EU,62
Qatar,2013,71.3,70,72,N/A,99.8,81.2,N/A,69.4,63.4,80.3,82.5,45,50,QAT,MENA,68
Romania,2013,65.1,40,36,N/A,87.9,62.2,N/A,70.4,63.5,74.7,86.8,80,50,ROU,WE/EU,43
Russia,2013,51.1,25,24,N/A,86.9,54.4,N/A,69.2,52.6,66.7,77.4,25,30,RUS,ECA,28
Rwanda,2013,64.1,30,50,N/A,80.4,75.9,N/A,65.6,80.3,75.5,78,65,40,RWA,SSA,53
Saint Lucia,2013,70.4,70,70,N/A,76.9,63.6,N/A,85.3,76.4,84.7,71.9,65,40,LCA,AME,71
Saint Vincent and the Grenadines,2013,66.7,70,58,N/A,74.2,67.1,N/A,77.6,76.6,80.3,73.3,50,40,VCT,AME,62
Saudi Arabia,2013,60.6,40,44,N/A,99.6,52.2,N/A,68.2,69.2,65.7,77.3,40,50,SAU,MENA,46
Senegal,2013,55.5,40,29,N/A,65.2,75.6,N/A,56.7,41.3,79.6,72.2,55,40,SEN,SSA,41
Seychelles,2013,54.9,50,48,N/A,77.6,56.9,N/A,69.2,63.5,75.6,33.4,45,30,SYC,SSA,54
Sierra Leone,2013,48.3,10,25,N/A,80.7,75.9,N/A,51.5,26.3,68.5,70.2,55,20,SLE,SSA,30
Singapore,2013,88,90,92,N/A,91.1,91.3,N/A,97.1,91.4,82,90,75,80,SGP,AP,86
Slovakia,2013,68.7,50,40,N/A,84.7,58,N/A,71,72.2,79.1,86.8,75,70,SVK,WE/EU,47
Slovenia,2013,61.7,60,59,N/A,65.7,22.3,N/A,80.7,40.4,81.6,86.8,70,50,SVN,WE/EU,57
Solomon Islands,2013,45,30,27,N/A,66.2,6.1,N/A,66.6,66.4,75.4,72.6,10,30,SLB,AP,
Somalia,2013,N/A,N/A,10,N/A,N/A,N/A,N/A,N/A,N/A,N/A,N/A,N/A,N/A,SOM,SSA,8
South Africa,2013,61.8,50,41,N/A,70.5,69.2,N/A,74.7,55.6,75.8,76.3,45,60,ZAF,SSA,42
South Korea,2013,70.3,70,54,N/A,73,72.8,N/A,93.6,48.7,77.9,72.6,70,70,KOR,AP,55
Spain,2013,68,70,62,N/A,53.9,43,N/A,80.3,54.3,79.9,86.8,80,70,ESP,WE/EU,59
Sri Lanka,2013,60.7,40,33,N/A,84.7,86.5,N/A,77,60.8,69.1,76.2,40,40,LKA,AP,37
Sudan,2013,N/A,N/A,16,N/A,N/A,89.9,N/A,57.4,65.4,64.5,N/A,15,N/A,SDN,SSA,11
Suriname,2013,52,40,30,N/A,71.6,72.5,N/A,40.2,77.5,66.7,66.3,25,30,SUR,AME,36
Sweden,2013,72.9,90,93,N/A,39.6,21,N/A,93.2,53.6,82.1,86.8,90,80,SWE,WE/EU,89
Switzerland,2013,81,90,88,N/A,68.1,63.8,N/A,75.8,87.9,86.2,90,80,80,CHE,WE/EU,85
Syria,2013,N/A,20,26,N/A,86.2,N/A,N/A,59.3,48.9,71.5,72.8,10,20,SYR,MENA,17
Taiwan,2013,72.7,70,61,N/A,80.5,84.9,N/A,94.3,53.3,82.9,85,65,50,TWN,AP,61
Tajikistan,2013,53.4,20,23,N/A,92.8,78.1,N/A,61.7,55.5,64.6,78.2,20,40,TJK,ECA,22
Tanzania,2013,57.9,30,30,N/A,79.9,77.9,N/A,48.6,61.9,71.8,73.5,55,50,TZA,SSA,33
Timor-Leste,2013,43.7,20,24,N/A,64.7,0,N/A,44.8,81.2,69.3,73,40,20,TLS,AP,30
Togo,2013,48.8,30,24,N/A,68.5,81.6,N/A,39.9,44.2,78.5,56.7,35,30,TGO,SSA,29
Trinidad and Tobago,2013,62.3,50,32,N/A,84.9,60.4,N/A,55.1,76.7,73.7,69.9,60,60,TTO,AME,38
Tunisia,2013,57,40,38,N/A,74.5,63.7,N/A,82.8,70.1,77.8,58.1,35,30,TUN,MENA,41
Turkey,2013,62.9,50,42,N/A,77,64.9,N/A,68.2,43.1,73.3,85.2,65,60,TUR,ECA,50
Turkmenistan,2013,42.6,5,16,N/A,94,91.7,N/A,30,30,70.6,79.2,0,10,TKM,ECA,17
Uganda,2013,61.1,30,24,N/A,80.6,84.3,N/A,48.4,87.9,77.2,73.6,55,50,UGA,SSA,26
Ukraine,2013,46.3,30,23,N/A,78.2,29.4,N/A,47.6,49.9,71,84.4,20,30,UKR,ECA,25
United Arab Emirates,2013,71.1,55,68,N/A,99.9,85.1,N/A,74,77.6,83.9,82.6,35,50,ARE,MENA,69
United Kingdom,2013,74.8,90,78,N/A,57,27.7,N/A,94.1,71.6,72.4,86.8,90,80,GBR,WE/EU,76
Uzbekistan,2013,46,15,16,N/A,90.2,67.8,N/A,71.2,61,63,66.1,0,10,UZB,ECA,17
Vanuatu,2013,56.6,40,35,N/A,97.3,80.5,N/A,56.4,57.7,81.4,48,30,40,VUT,AP,
Vietnam,2013,51,15,29,N/A,75.6,72.4,N/A,63.8,65.5,65.3,78.6,15,30,VNM,AP,31
Yemen,2013,55.9,30,21,N/A,91.5,72.8,N/A,61.3,55.3,65.7,81.5,50,30,YEM,MENA,18
Zambia,2013,58.7,30,32,N/A,72.9,80.3,N/A,60.4,58.4,66,82.3,55,50,ZMB,SSA,38
Zimbabwe,2013,28.6,10,22,N/A,71.8,66.4,N/A,33.4,21.9,0,50.4,0,10,ZWE,SSA,21
Afghanistan,2014,N/A,N/A,10,N/A,91.2,84.2,N/A,63.1,75,74.3,N/A,65,N/A,AFG,AP,12
Albania,2014,66.9,30,30.4,N/A,92.7,75.6,N/A,78.1,49.7,80,87.5,75,70,ALB,ECA,33
Algeria,2014,50.8,30,28.7,N/A,80.5,51,N/A,66.3,48.3,67.8,60.8,45,30,DZA,MENA,36
Angola,2014,47.7,15,17.7,N/A,87.7,55.3,N/A,47.5,40.1,63.6,70.1,40,40,AGO,SSA,19
Argentina,2014,44.6,15,29.5,N/A,63.5,49.9,N/A,53.9,44.9,60,68.9,30,30,ARG,AME,34
Armenia,2014,68.9,30,26.7,N/A,86.5,81.3,N/A,83.1,78.5,77,85.5,70,70,ARM,ECA,37
Australia,2014,82,90,87.7,N/A,64.2,62.6,N/A,94.6,79.2,80.5,86.4,85,90,AUS,AP,80
Austria,2014,72.4,90,75.5,N/A,51,23.5,N/A,76.3,80.5,79.5,87.8,90,70,AUT,WE/EU,72
Azerbaijan,2014,61.3,20,22.7,N/A,88.1,64.8,N/A,73.5,77.9,78.8,77.2,60,50,AZE,ECA,29
Bahrain,2014,75.1,60,49.4,N/A,99.9,71.4,N/A,76.3,82,78.4,78.6,75,80,BHR,MENA,49
Barbados,2014,68.3,80,77.9,N/A,74,49.8,N/A,72.8,78.4,74.6,60.6,55,60,BRB,AME,74
Belarus,2014,50.1,20,24.6,N/A,89.2,61.2,N/A,73.4,77.7,33.9,81.4,30,10,BLR,ECA,31
Belgium,2014,69.9,80,74.2,N/A,44.8,14.8,N/A,89.9,72.7,79.5,87.8,85,70,BEL,WE/EU,76
Benin,2014,57.1,30,29.5,N/A,68.3,86.1,N/A,51,50.5,75.4,60,70,50,BEN,SSA,39
Bhutan,2014,56.7,60,58.8,N/A,82.9,57.2,N/A,59.4,83.6,65.8,49.4,20,30,BTN,AP,65
Bolivia,2014,48.4,10,28.1,N/A,87.1,62.5,N/A,53.4,29.9,70,77.6,15,50,BOL,AME,35
Bosnia and Herzegovina,2014,58.4,20,33.9,N/A,82.9,27.4,N/A,55.5,62.4,80.1,86.9,75,60,BIH,ECA,39
Botswana,2014,72,70,61.2,N/A,81,69.8,N/A,68.5,69.7,72.4,82.7,75,70,BWA,SSA,63
Brazil,2014,56.9,50,37.9,N/A,68.8,54.1,N/A,53.8,49.8,69.9,69.3,55,60,BRA,AME,43
Brunei Darussalam,2014,69,40,53.3,N/A,90.2,66.1,N/A,68.2,96.5,74.2,81.8,70,50,BRN,AP,
Bulgaria,2014,65.7,30,35.2,N/A,91.2,64.5,N/A,73.5,80.2,79.6,87.8,55,60,BGR,WE/EU,43
Burkina Faso,2014,58.9,30,31.3,N/A,83,82.3,N/A,60.7,55,78.8,67.8,60,40,BFA,SSA,38
Burundi,2014,51.4,20,15.9,N/A,73.5,51.9,N/A,59.8,63.1,68.2,71.8,60,30,BDI,SSA,20
Cabo Verde,2014,66.1,70,54.9,N/A,77.4,68.6,N/A,63.8,48,79.1,69.6,70,60,CPV,SSA,57
Cambodia,2014,57.4,30,18.7,N/A,90.8,88.4,N/A,36.6,50.2,77.9,71,60,50,KHM,AP,21
Cameroon,2014,52.6,30,21.9,N/A,71.7,86,N/A,45,56.1,69.4,61.2,35,50,CMR,SSA,27
Canada,2014,80.2,90,87.7,N/A,79.7,47.3,N/A,89.3,83.1,76.3,88.3,80,80,CAN,AME,81
Central African Republic,2014,46.7,10,20.6,N/A,65.1,92.6,N/A,33.9,40.4,72.5,51.8,50,30,CAF,SSA,24
Chad,2014,44.5,20,15.9,N/A,46.2,80,N/A,24.9,43.3,69.8,55.2,50,40,TCD,SSA,22
Chile,2014,78.7,90,72.3,N/A,76.5,83.8,N/A,69.3,69.3,84.1,82,90,70,CHL,AME,73
China,2014,52.5,20,35,N/A,69.9,82.9,N/A,49.7,61.9,73.3,71.8,30,30,CHN,AP,36
Colombia,2014,70.7,50,33.2,N/A,80.6,74.9,N/A,85.2,80.5,78.8,78.8,75,70,COL,AME,37
Comoros,2014,51.4,30,22.1,N/A,64.5,85.3,N/A,49.4,50.1,74.5,72.7,35,30,COM,SSA,26
Croatia,2014,60.4,40,41.1,N/A,69.4,45.8,N/A,61.4,39.4,79.2,87.4,80,60,HRV,WE/EU,48
Cuba,2014,28.7,10,41.2,N/A,60,0,N/A,20,20,65.8,60,0,10,CUB,AME,46
Cyprus,2014,67.6,70,64,N/A,79.7,36.2,N/A,79.7,70.2,78.8,82.8,65,50,CYP,WE/EU,63
Czech Republic,2014,72.2,70,45.3,N/A,81.7,43.8,N/A,70.1,84,79.4,87.8,80,80,CZE,WE/EU,51
Denmark,2014,76.1,90,93.7,N/A,39.3,0.5,N/A,98.1,91.2,80,87.8,90,90,DNK,WE/EU,92
Djibouti,2014,55.9,30,30.9,N/A,80.6,62.8,N/A,42.7,65.1,77.2,54.8,65,50,DJI,SSA,34
Dominica,2014,65.2,60,53.5,N/A,72.9,61.7,N/A,75,70.7,85.8,72.7,70,30,DMA,AME,58
Dominican Republic,2014,61.3,30,27.3,N/A,83.7,92.3,N/A,56.1,55.2,75.7,77.8,75,40,DOM,AME,32
Ecuador,2014,48,20,26,N/A,79.8,41.8,N/A,52.8,52,66.1,71.8,30,40,ECU,AME,33
Egypt,2014,52.9,20,28.6,N/A,85.6,69.6,N/A,62.7,45.7,60.5,71.4,45,40,EGY,MENA,37
Equatorial Guinea,2014,44.4,10,16.6,N/A,75.5,62.6,N/A,43.4,41.5,75.4,53.8,35,30,GNQ,SSA,
Eritrea,2014,38.5,10,22.9,N/A,57,66.1,N/A,18.6,63.6,57.6,69.1,0,20,ERI,SSA,18
Estonia,2014,75.9,90,64.2,N/A,80.4,56,N/A,77.6,55.9,76.9,87.8,90,80,EST,WE/EU,69
Eswatini,2014,61.2,40,31.6,N/A,74.7,70.9,N/A,64.2,71.7,72.3,81.5,65,40,SWZ,SSA,43
Ethiopia,2014,50,30,27,N/A,77.5,89.9,N/A,57.8,54.7,59,64.2,20,20,ETH,SSA,33
Finland,2014,73.4,90,93.4,N/A,65.1,8.9,N/A,93.6,46.5,78.9,87.8,90,80,FIN,WE/EU,89
France,2014,63.5,80,69.9,N/A,48.4,5.6,N/A,79.9,51.8,76.1,82.8,70,70,FRA,WE/EU,69
Gabon,2014,57.8,40,29.1,N/A,74.5,81.7,N/A,58.9,63,75.1,61,55,40,GAB,SSA,37
Georgia,2014,72.6,40,42.8,N/A,87.3,69.7,N/A,87.8,91.2,78.4,88.6,80,60,GEO,ECA,52
Germany,2014,73.4,90,80.1,N/A,61.2,38.2,N/A,89.9,46.4,80.8,87.8,90,70,DEU,WE/EU,79
Ghana,2014,64.2,50,40.4,N/A,85.4,83.3,N/A,62.6,60.2,65.8,64.8,70,60,GHA,SSA,48
Greece,2014,55.7,40,33.2,N/A,65.9,19.2,N/A,75.8,53.9,76.3,82.8,60,50,GRC,WE/EU,43
Guinea,2014,53.5,20,19.2,N/A,69.3,86.2,N/A,51.8,73.4,64.1,61.2,50,40,GIN,SSA,25
Guyana,2014,55.7,30,24.4,N/A,68.4,71.8,N/A,64.3,72.6,78.1,72,45,30,GUY,AME,30
Haiti,2014,48.9,10,16.9,N/A,80.3,66.3,N/A,33.3,68.5,73.6,70.4,40,30,HTI,AME,19
Hong Kong,2014,90.1,90,82.3,N/A,93,89.7,N/A,98.9,95.5,82,90,90,90,HKG,AP,74
Iceland,2014,72.4,90,84.2,N/A,72.9,32.9,N/A,91.2,59.1,76,87.9,70,60,ISL,WE/EU,79
India,2014,55.7,50,31.5,N/A,79.4,77.8,N/A,37.7,74,65.5,65.6,35,40,IND,AP,38
Indonesia,2014,58.5,30,28,N/A,83.4,89.8,N/A,54.8,47.8,76.4,74.8,40,60,IDN,AP,34
Iran,2014,40.3,10,23.4,N/A,80.6,85.9,N/A,62.3,41.7,47.3,41.4,0,10,IRN,MENA,27
Iraq,2014,N/A,N/A,13.7,N/A,95.5,40.3,N/A,56.9,73.4,70,N/A,N/A,N/A,IRQ,MENA,16
Ireland,2014,76.2,90,74.8,N/A,74,30.6,N/A,83.4,79.5,81.7,87.8,90,70,IRL,WE/EU,74
Israel,2014,68.4,75,59.3,N/A,60.1,40.3,N/A,73.2,63,80.6,82.9,80,70,ISR,MENA,60
Italy,2014,60.9,50,38.5,N/A,55.5,25.6,N/A,75.5,52.5,78.9,87.8,85,60,ITA,WE/EU,43
Japan,2014,72.4,80,77.8,N/A,69.2,47.1,N/A,80,79.8,87.5,82.4,70,50,JPN,AP,76
Jordan,2014,69.2,60,45.6,N/A,94,66.9,N/A,62,72.9,81.3,79.6,70,60,JOR,MENA,49
Kazakhstan,2014,63.7,30,25.7,N/A,92.9,85,N/A,74.4,86.7,74.4,78.2,40,50,KAZ,ECA,29
Kenya,2014,57.1,30,21,N/A,78,74.6,N/A,55.8,64,74.9,72.8,50,50,KEN,SSA,25
Kosovo,2014,N/A,30,28.6,N/A,92.7,73,N/A,58.1,71.3,72.7,N/A,65,N/A,KSV,ECA,33
Kuwait,2014,62.3,50,43.7,N/A,97.7,55.6,N/A,57.7,63.6,73.2,76.7,55,50,KWT,MENA,44
Laos,2014,51.2,15,18.6,N/A,86.6,86.7,N/A,60.7,54.9,75.5,58.6,35,20,LAO,AP,25
Latvia,2014,68.7,50,43.6,N/A,84.6,54.9,N/A,82.5,68.5,79.7,87.8,85,50,LVA,WE/EU,55
Lebanon,2014,59.4,20,24.5,N/A,90.9,73.7,N/A,55.6,58.7,74.5,75.8,60,60,LBN,MENA,27
Lesotho,2014,49.5,40,37.1,N/A,67.4,0,N/A,54,62.4,75.5,68.6,50,40,LSO,SSA,49
Liberia,2014,52.4,30,33.8,N/A,83.6,70.5,N/A,62.3,47,72.9,64.1,40,20,LBR,SSA,37
Libya,2014,N/A,10,18.3,N/A,95,0,N/A,50.1,77.9,66.9,N/A,5,20,LBY,MENA,18
Lithuania,2014,73,60,49.9,N/A,92.9,55.9,N/A,85.7,59,78.6,87.8,80,80,LTU,WE/EU,58
Luxembourg,2014,74.2,90,84.1,N/A,62.8,47.6,N/A,72.6,43.1,78.9,87.8,95,80,LUX,WE/EU,82
Madagascar,2014,61.7,40,27.3,N/A,90.8,92.3,N/A,62.8,43.9,77.6,77.8,55,50,MDG,SSA,28
Malawi,2014,55.4,45,31.9,N/A,78,63,N/A,38.9,60.3,64.1,72.7,50,50,MWI,SSA,33
Maldives,2014,51,20,21.9,N/A,97.4,43.8,N/A,87.4,71.7,69.4,43.8,25,30,MDV,AP,
Mali,2014,55.5,20,27.7,N/A,69.8,81.7,N/A,48,63.2,76.7,73.2,55,40,MLI,SSA,32
Malta,2014,66.4,75,55.8,N/A,63.7,47.2,N/A,62.4,53.2,79.1,87.8,80,60,MLT,WE/EU,55
Mauritania,2014,53.2,25,23.9,N/A,81.7,75.8,N/A,38,53.1,75.5,69,50,40,MRT,SSA,30
Mauritius,2014,76.5,65,53.4,N/A,92.2,81.8,N/A,74.4,78,76.7,88.6,85,70,MUS,SSA,54
Mexico,2014,66.8,50,29.7,N/A,80.9,78.9,N/A,76.8,58.3,77.4,85.6,70,60,MEX,AME,35
Moldova,2014,57.3,40,29.5,N/A,85.8,54.4,N/A,70.1,37.9,75,80.1,50,50,MDA,ECA,35
Mongolia,2014,58.9,30,28.2,N/A,81.8,39.1,N/A,71.8,81.1,72.4,74.7,50,60,MNG,AP,39
Montenegro,2014,63.6,40,37.8,N/A,92.5,42.6,N/A,77.6,68.6,78.6,83.1,65,50,MNE,ECA,42
Morocco,2014,58.3,40,33.3,N/A,71.3,64.1,N/A,76.2,31.5,78.1,58.8,70,60,MAR,MENA,39
Namibia,2014,59.4,30,44.2,N/A,66.9,58.8,N/A,64.4,81.9,75,82.9,50,40,NAM,SSA,49
Nepal,2014,50.1,30,21.3,N/A,85.9,89.6,N/A,58.5,43.8,76.3,61,5,30,NPL,AP,29
Netherlands,2014,74.2,90,88,N/A,51.7,25.6,N/A,89.7,59.6,79.9,87.8,90,80,NLD,WE/EU,83
New Zealand,2014,81.2,95,94,N/A,71.2,32.3,N/A,96.1,90.2,86.3,86.8,80,80,NZL,AP,91
Niger,2014,55.1,30,26,N/A,76.8,88.4,N/A,35.2,45.4,88.3,65.6,55,40,NER,SSA,35
Nigeria,2014,54.3,30,22.7,N/A,85,74.5,N/A,48,66.4,73.1,63.8,40,40,NGA,SSA,27
Norway,2014,70.9,90,88.1,N/A,50.6,42.2,N/A,90.9,44.6,78.7,89.1,75,60,NOR,WE/EU,86
Oman,2014,67.4,50,48.2,N/A,98.5,56,N/A,68.3,75.5,73.6,78.7,65,60,OMN,MENA,45
Papua New Guinea,2014,53.9,20,20.2,N/A,66.7,75.4,N/A,57,73.7,75.5,85.1,35,30,PNG,AP,25
Peru,2014,67.4,40,34,N/A,79.1,89.1,N/A,70.6,61.4,83.3,87,70,60,PER,AME,38
Philippines,2014,60.1,30,26.1,N/A,79.2,92.3,N/A,59.9,49.7,78,75.5,60,50,PHL,AP,38
Poland,2014,67,60,54.8,N/A,76.1,43.2,N/A,70.1,60.4,77.8,87.8,70,70,POL,WE/EU,61
Portugal,2014,63.5,70,61.1,N/A,60.1,26.8,N/A,84.9,34.6,79.3,87.8,70,60,PRT,WE/EU,63
Qatar,2014,71.2,70,72.4,N/A,99.9,72.1,N/A,71.7,70,81.2,79.8,45,50,QAT,MENA,69
Romania,2014,65.5,40,37.7,N/A,87,59.2,N/A,71,65.2,77.1,87.8,80,50,ROU,WE/EU,43
Russia,2014,51.9,25,22.1,N/A,85.6,61.5,N/A,70,55.8,69.4,74.6,25,30,RUS,ECA,27
Rwanda,2014,64.7,30,46.9,N/A,80.3,78.2,N/A,69.6,84.1,74.8,77.7,65,40,RWA,SSA,49
Saint Lucia,2014,70.7,70,70.6,N/A,75.7,63.6,N/A,83.1,84.5,82.7,71.9,65,40,LCA,AME,71
Saint Vincent and the Grenadines,2014,67,70,61.1,N/A,73.7,72.4,N/A,76.3,78.7,79.8,67.6,50,40,VCT,AME,62
Saudi Arabia,2014,62.2,40,43.7,N/A,99.7,63.1,N/A,67.3,75.8,68.7,74,40,50,SAU,MENA,49
Senegal,2014,55.4,40,29.5,N/A,65.1,75.4,N/A,47.5,41.5,81.8,73.2,60,40,SEN,SSA,43
Seychelles,2014,56.2,50,48.5,N/A,76.8,61.8,N/A,67.6,68.5,75.1,33.4,50,30,SYC,SSA,55
Sierra Leone,2014,50.5,15,24.6,N/A,80.7,85.7,N/A,55.3,28.7,70.2,70.2,55,20,SLE,SSA,31
Singapore,2014,89.4,90,91.9,N/A,91.2,91.2,N/A,96.8,96.5,81.5,90,85,80,SGP,AP,84
Slovakia,2014,66.4,50,41.8,N/A,80.2,56,N/A,67,53.6,78.1,87.8,80,70,SVK,WE/EU,50
Slovenia,2014,62.7,60,61,N/A,58.9,22.6,N/A,85.4,51,80.3,87.8,70,50,SVN,WE/EU,58
Solomon Islands,2014,46.2,30,25,N/A,61.4,21.3,N/A,65.2,65.2,75.4,73,15,30,SLB,AP,
Somalia,2014,N/A,N/A,5,N/A,N/A,N/A,N/A,N/A,N/A,N/A,N/A,N/A,N/A,SOM,SSA,8
South Africa,2014,62.5,50,41.6,N/A,68.7,69.1,N/A,74.5,54.4,75.3,76.1,55,60,ZAF,SSA,44
South Korea,2014,71.2,70,54,N/A,72.6,72.6,N/A,92.8,47.8,79.6,72.6,70,80,KOR,AP,55
Spain,2014,67.2,70,62.6,N/A,54,38.7,N/A,77.3,52.2,79.9,87.8,80,70,ESP,WE/EU,60
Sri Lanka,2014,60,40,33.4,N/A,84.9,86.3,N/A,74.4,59.2,68,73.6,40,40,LKA,AP,38
Sudan,2014,N/A,N/A,9.8,N/A,85.1,90.3,N/A,54.5,49.1,55.8,55.6,15,N/A,SDN,SSA,11
Suriname,2014,54.2,40,32.9,N/A,69,78.3,N/A,41.8,81.8,71.8,66.2,30,30,SUR,AME,36
Sweden,2014,73.1,90,92.3,N/A,42.9,21.4,N/A,91.1,52.9,82.5,87.8,90,80,SWE,WE/EU,87
Switzerland,2014,81.6,90,88.1,N/A,68.9,65.7,N/A,75.4,87.4,85.2,90,85,80,CHE,WE/EU,86
Syria,2014,N/A,10,23.3,N/A,N/A,N/A,N/A,60.4,55.1,N/A,N/A,0,20,SYR,MENA,20
Taiwan,2014,73.9,70,59.7,N/A,80.3,84.7,N/A,93.9,53.1,81.7,85.8,70,60,TWN,AP,61
Tajikistan,2014,52,20,19.4,N/A,92.3,78.1,N/A,58.4,45.5,67.7,73.2,25,40,TJK,ECA,23
Tanzania,2014,57.8,30,28.8,N/A,79.7,78.3,N/A,47,61.1,66,76.8,60,50,TZA,SSA,31
Timor-Leste,2014,43.2,20,25.4,N/A,64.7,0,N/A,45.4,79.2,68.3,64.4,45,20,TLS,AP,28
Togo,2014,49.9,30,23.8,N/A,69.7,82.4,N/A,43.3,42.8,79.3,62.8,35,30,TGO,SSA,29
Trinidad and Tobago,2014,62.7,50,34,N/A,84.8,62.5,N/A,59.4,76.4,71.7,78.6,60,50,TTO,AME,38
Tunisia,2014,57.3,40,39.2,N/A,74.3,63.8,N/A,80.7,72.6,75.9,61.8,35,30,TUN,MENA,40
Turkey,2014,64.9,50,44,N/A,77.5,63.5,N/A,67.6,59.7,71.8,84.5,70,60,TUR,ECA,45
Turkmenistan,2014,42.2,5,13.4,N/A,95.2,93,N/A,30,30,65.9,79.2,0,10,TKM,ECA,17
Uganda,2014,59.9,30,23.8,N/A,79.1,87.3,N/A,45.1,87.4,71,75.4,60,40,UGA,SSA,26
Ukraine,2014,49.3,30,21.9,N/A,79.1,37.5,N/A,59.8,49.8,78.7,86.2,20,30,UKR,ECA,26
United Arab Emirates,2014,71.4,55,66.4,N/A,99.6,83.1,N/A,74.4,82.9,84.6,82.5,35,50,ARE,MENA,70
United Kingdom,2014,74.9,90,76.4,N/A,56.6,29.5,N/A,92,73.1,73.5,87.8,90,80,GBR,WE/EU,78
Uzbekistan,2014,46.5,15,13.4,N/A,90.3,70.4,N/A,75.7,60.8,63.1,66.1,0,10,UZB,ECA,18
Vanuatu,2014,59.5,40,33.5,N/A,97.3,81.7,N/A,54.8,56.8,82.7,48,60,40,VUT,AP,
Vietnam,2014,50.8,15,26.9,N/A,77,71.4,N/A,62,68.3,63.6,78.7,15,30,VNM,AP,31
Yemen,2014,55.5,30,19.4,N/A,91.7,74.9,N/A,59.2,54.9,62.1,82.4,50,30,YEM,MENA,19
Zambia,2014,60.4,30,31.3,N/A,71.8,82.9,N/A,74.9,50.1,68,84.6,60,50,ZMB,SSA,38
Zimbabwe,2014,35.5,10,19.3,N/A,63.3,64,N/A,34.5,22.2,73,54.2,5,10,ZWE,SSA,21
Afghanistan,2015,N/A,N/A,8,N/A,91.7,81.2,N/A,61.4,67.5,72.6,N/A,55,N/A,AFG,AP,11
Albania,2015,65.7,30,31,N/A,87.2,76.1,N/A,70.6,52.9,80.8,87.8,70,70,ALB,ECA,36
Algeria,2015,48.9,30,36,N/A,80,38.7,N/A,66.6,50.5,71.2,60.8,25,30,DZA,MENA,36
Angola,2015,47.9,15,23,N/A,84.5,50.1,N/A,47.4,43.2,65.4,70.2,40,40,AGO,SSA,15
Argentina,2015,44.1,15,34,N/A,66.8,41.2,N/A,52.8,43.3,59.6,68.8,30,30,ARG,AME,32
Armenia,2015,67.1,20,36,N/A,84.4,82.8,N/A,82.7,64.3,70.6,85.4,75,70,ARM,ECA,35
Australia,2015,81.4,90,81,N/A,63.7,61.8,N/A,94.1,81.6,85.3,86.4,80,90,AUS,AP,79
Austria,2015,71.2,90,69,N/A,50.1,19.8,N/A,78,76.7,80.3,88,90,70,AUT,WE/EU,76
Azerbaijan,2015,61,20,28,N/A,88.1,59.7,N/A,74.5,79.1,79.8,76,55,50,AZE,ECA,29
Bahrain,2015,73.4,60,48,N/A,99.9,73.1,N/A,72.5,83.1,74.2,78.6,65,80,BHR,MENA,51
Barbados,2015,67.9,80,75,N/A,73.8,42.1,N/A,71.6,69.2,78.2,63.8,65,60,BRB,AME,
Belarus,2015,49.8,20,29,N/A,86.4,54.7,N/A,72,80.1,44.5,81,20,10,BLR,ECA,32
Belgium,2015,68.8,80,75,N/A,43.6,10.2,N/A,90.7,63.7,81.7,88,85,70,BEL,WE/EU,77
Benin,2015,58.8,30,36,N/A,68.3,86.7,N/A,55.2,53.2,79.9,58.4,70,50,BEN,SSA,37
Bhutan,2015,57.4,60,63,N/A,82.6,60.1,N/A,61.9,81.1,66,49.4,20,30,BTN,AP,65
Bolivia,2015,46.8,10,34,N/A,86.8,60.9,N/A,53.7,25.5,69.7,77.6,10,40,BOL,AME,34
Bosnia and Herzegovina,2015,59,20,42,N/A,82.9,27.3,N/A,53.5,63.4,84,87.2,70,60,BIH,ECA,38
Botswana,2015,69.8,70,64,N/A,79.5,61.9,N/A,66.8,70,73.9,72.2,70,70,BWA,SSA,63
Brazil,2015,56.6,50,42,N/A,68.4,50.9,N/A,53.6,52.1,69.4,69.6,50,60,BRA,AME,38
Brunei Darussalam,2015,68.9,35,60,N/A,87,63.6,N/A,68.3,96.9,76.6,81.8,70,50,BRN,AP,
Bulgaria,2015,66.8,30,41,N/A,91,64.5,N/A,68.5,76.6,83.2,88,65,60,BGR,WE/EU,41
Burkina Faso,2015,58.6,25,38,N/A,82.4,79.8,N/A,49.6,57.8,80,68.2,65,40,BFA,SSA,38
Burundi,2015,53.7,20,21,N/A,73.5,61.3,N/A,61.4,68.1,69.8,72.2,60,30,BDI,SSA,21
Cabo Verde,2015,66.4,75,58,N/A,78.3,67.9,N/A,61.8,42.1,81,69.6,70,60,CPV,SSA,55
Cambodia,2015,57.5,25,20,N/A,90.5,87.5,N/A,29.2,62.2,78.7,72.2,60,50,KHM,AP,21
Cameroon,2015,51.9,25,25,N/A,71.7,87.8,N/A,41.6,47.8,75.6,59.6,35,50,CMR,SSA,27
Canada,2015,79.1,90,81,N/A,79.9,48.3,N/A,89,76.1,77.9,88.4,80,80,CAN,AME,83
Central African Republic,2015,45.9,15,25,N/A,65,92,N/A,27.2,37.5,69.6,52.4,45,30,CAF,SSA,24
Chad,2015,45.9,20,19,N/A,46.2,83.6,N/A,27.1,47.7,75.6,55.2,45,40,TCD,SSA,22
Chile,2015,78.5,90,71,N/A,76.5,83.3,N/A,69.3,67,85.6,82,90,70,CHL,AME,70
China,2015,52.7,20,40,N/A,69.7,81.5,N/A,52.1,63,74.2,71.8,25,30,CHN,AP,37
Colombia,2015,71.7,50,36,N/A,80.3,76,N/A,81.5,81.7,80.1,81.2,80,70,COL,AME,37
Comoros,2015,52.1,30,28,N/A,64.5,78.8,N/A,47.3,52,77.9,73,40,30,COM,SSA,26
Croatia,2015,61.5,40,48,N/A,74.9,46.5,N/A,55.8,42.8,80,87.2,80,60,HRV,WE/EU,51
Cuba,2015,29.6,10,46,N/A,61.8,0,N/A,20,20,64.8,63.8,0,10,CUB,AME,47
Cyprus,2015,67.9,70,63,N/A,79.5,36.7,N/A,79.5,59.6,82.7,88,70,50,CYP,WE/EU,61
Czech Republic,2015,72.5,75,48,N/A,81.5,40.6,N/A,68.2,82.9,81.2,88,80,80,CZE,WE/EU,56
Denmark,2015,76.3,95,91,N/A,39.6,1.8,N/A,97.4,92.1,87.6,88,90,80,DNK,WE/EU,91
Djibouti,2015,57.5,25,36,N/A,81.2,57.1,N/A,55.4,66.6,78.9,54.8,70,50,DJI,SSA,34
Dominica,2015,66.1,60,58,N/A,73.6,61.5,N/A,71.6,68.7,89.5,72.8,75,30,DMA,AME,
Dominican Republic,2015,61,30,29,N/A,84.1,87.1,N/A,53.5,57.5,76,77.8,75,40,DOM,AME,33
Ecuador,2015,49.2,15,35,N/A,79.1,51,N/A,51.4,51.3,68.2,71.4,30,40,ECU,AME,32
Egypt,2015,55.2,20,32,N/A,85.8,68,N/A,65.4,53.6,67.4,70,50,40,EGY,MENA,36
Equatorial Guinea,2015,40.4,10,19,N/A,75.4,31.4,N/A,37.5,33.5,78.3,53.8,35,30,GNQ,SSA,
Eritrea,2015,38.9,10,20,N/A,57,71.8,N/A,18.2,65.5,57.8,69.2,0,20,ERI,SSA,18
Estonia,2015,76.8,90,68,N/A,80.6,53.2,N/A,81.5,58.7,77.6,88,90,80,EST,WE/EU,70
Eswatini,2015,59.9,40,39,N/A,76.4,68.6,N/A,60.5,69.3,73.9,76,55,40,SWZ,SSA,
Ethiopia,2015,51.5,30,33,N/A,77.4,91.4,N/A,55.9,56.4,66.1,64.4,20,20,ETH,SSA,33
Finland,2015,73.4,90,89,N/A,66.4,3.6,N/A,92.6,54.8,79.9,88,90,80,FIN,WE/EU,90
France,2015,62.5,80,71,N/A,47.5,2.5,N/A,80.2,43.5,77.5,83,70,70,FRA,WE/EU,70
Gabon,2015,58.3,40,34,N/A,77.5,74.6,N/A,57.9,64.3,78.4,61,55,40,GAB,SSA,34
Georgia,2015,73,40,49,N/A,87.2,73.8,N/A,88.6,79.9,82.7,88.6,80,60,GEO,ECA,52
Germany,2015,73.8,90,78,N/A,60.8,40.1,N/A,88.2,51.2,81.5,88,90,70,DEU,WE/EU,81
Ghana,2015,63,50,46,N/A,84.6,70.8,N/A,62.5,56.9,69.2,64.8,65,60,GHA,SSA,47
Greece,2015,54,40,40,N/A,64.2,0,N/A,73.3,51.6,77.8,83,60,50,GRC,WE/EU,46
Guinea,2015,52.1,15,24,N/A,68.1,79.5,N/A,51.6,74.4,66.7,61.2,40,40,GIN,SSA,25
Guyana,2015,55.5,25,27,N/A,68.7,70.8,N/A,63.8,74.5,78.4,72,45,30,GUY,AME,29
Haiti,2015,51.3,10,19,N/A,80.3,76.2,N/A,43.1,63.7,73.5,77.6,40,30,HTI,AME,17
Hong Kong,2015,89.6,90,75,N/A,93.2,89.7,N/A,100,95.9,81.8,90,90,90,HKG,AP,75
Iceland,2015,72,90,78,N/A,72,32.6,N/A,90.5,62.2,77,88,70,60,ISL,WE/EU,79
India,2015,54.6,55,36,N/A,79.4,78.3,N/A,43.3,48.7,65.3,64.6,35,40,IND,AP,38
Indonesia,2015,58.1,30,32,N/A,83.3,88.3,N/A,49.3,48.7,74.9,74.8,40,60,IDN,AP,36
Iran,2015,41.8,10,25,N/A,81.2,93,N/A,57,51.3,48.7,41.4,0,10,IRN,MENA,27
Iraq,2015,N/A,N/A,16,N/A,N/A,43.8,N/A,57.7,74.4,73.6,N/A,N/A,N/A,IRQ,MENA,16
Ireland,2015,76.6,85,72,N/A,73.6,45.6,N/A,82.1,76.2,83.9,88,90,70,IRL,WE/EU,75
Israel,2015,70.5,75,61,N/A,61.9,47.8,N/A,72.4,67.1,81.6,88.6,80,70,ISR,MENA,61
Italy,2015,61.7,55,43,N/A,54.2,23.2,N/A,71.9,55.4,81.2,88,85,60,ITA,WE/EU,44
Japan,2015,73.3,80,74,N/A,68.7,47.1,N/A,84.1,90.2,86.7,82.6,70,50,JPN,AP,75
Jordan,2015,69.3,60,45,N/A,93.7,70.7,N/A,59.1,74.4,80.6,79.6,70,60,JOR,MENA,53
Kazakhstan,2015,63.3,25,26,N/A,93.2,85,N/A,73.7,87,74.6,79,40,50,KAZ,ECA,28
Kenya,2015,55.6,30,27,N/A,78,72.1,N/A,47.9,63.8,72.8,64,50,50,KEN,SSA,25
Kosovo,2015,N/A,30,33,N/A,N/A,73.9,N/A,66.8,72.1,74.9,N/A,65,N/A,KSV,ECA,33
Kuwait,2015,62.5,45,43,N/A,97.7,61.1,N/A,58.6,64.2,74,76.2,55,50,KWT,MENA,49
Laos,2015,51.4,15,26,N/A,86.2,86.8,N/A,59.5,57.1,74.5,58.6,30,20,LAO,AP,25
Latvia,2015,69.7,50,53,N/A,84.4,59.2,N/A,82.1,61.5,83.8,88,85,50,LVA,WE/EU,56
Lebanon,2015,59.3,20,28,N/A,91.3,70.6,N/A,54.7,60.7,72,75.8,60,60,LBN,MENA,28
Lesotho,2015,49.6,35,49,N/A,68.5,0,N/A,54.7,63.9,75.2,64.6,45,40,LSO,SSA,44
Liberia,2015,52.7,25,38,N/A,83,69.9,N/A,60.1,43.9,72.7,74.4,40,20,LBR,SSA,37
Libya,2015,N/A,10,15,N/A,95,37.5,N/A,46.8,66.7,71.4,80,5,N/A,LBY,MENA,16
Lithuania,2015,74.7,60,57,N/A,92.9,61.3,N/A,84.9,62,81.2,88,80,80,LTU,WE/EU,59
Luxembourg,2015,73.2,90,80,N/A,62.3,42.2,N/A,71.3,42.1,80.7,88,95,80,LUX,WE/EU,85
Madagascar,2015,61.7,45,28,N/A,90.9,94.7,N/A,62.3,45.1,79.2,71.8,50,50,MDG,SSA,28
Malawi,2015,54.8,40,37,N/A,78.5,49,N/A,49.1,63.1,53.8,72.2,55,50,MWI,SSA,31
Maldives,2015,53.4,25,21.9,N/A,95.5,50.6,N/A,85.8,73.4,74.1,47.8,30,30,MDV,AP,
Mali,2015,56.4,25,28,N/A,69.6,89.2,N/A,47.2,50.7,81.1,73.2,60,40,MLI,SSA,35
Malta,2015,66.5,75,56,N/A,63.1,44.4,N/A,61,55.6,81.8,88,80,60,MLT,WE/EU,60
Mauritania,2015,53.3,25,30,N/A,80.2,59.8,N/A,50.5,52.1,76.6,69,50,40,MRT,SSA,31
Mauritius,2015,76.4,65,52,N/A,91.9,87.4,N/A,78,68.2,77.6,88.4,85,70,MUS,SSA,53
Mexico,2015,66.4,50,34,N/A,77.8,78,N/A,71.5,59.9,77.6,85.6,70,60,MEX,AME,31
Moldova,2015,57.5,40,35,N/A,85.1,51.8,N/A,66.8,40.6,76.1,79.8,50,50,MDA,ECA,33
Mongolia,2015,59.2,30,38,N/A,83.9,35.6,N/A,68.2,82.7,69.2,74.8,50,60,MNG,AP,39
Montenegro,2015,64.7,40,44,N/A,92.6,36.7,N/A,77.1,77.5,79.7,84.8,65,50,MNE,ECA,44
Morocco,2015,60.1,40,37,N/A,70.9,61,N/A,68.8,33.4,81.9,78.2,70,60,MAR,MENA,36
Namibia,2015,59.6,30,48,N/A,66.7,56,N/A,64.3,90.9,74.3,71.2,55,40,NAM,SSA,53
Nepal,2015,51.3,30,31,N/A,85.6,88.9,N/A,65.7,44.3,70.5,61.8,5,30,NPL,AP,27
Netherlands,2015,73.7,90,83,N/A,51.8,23.8,N/A,84.3,66.3,79.8,88,90,80,NLD,WE/EU,84
New Zealand,2015,82.1,95,91,N/A,70.4,43,N/A,95.5,91.4,87.6,86.8,80,80,NZL,AP,91
Niger,2015,54.6,30,34,N/A,76.6,83.6,N/A,39.2,40.9,81.3,65.6,55,40,NER,SSA,34
Nigeria,2015,55.6,30,25,N/A,85.2,76.1,N/A,48.3,77.7,70.4,63.8,40,40,NGA,SSA,26
Norway,2015,71.8,90,86,N/A,52.1,43.8,N/A,92.1,48.2,81.7,89.4,75,60,NOR,WE/EU,88
Oman,2015,66.7,55,47,N/A,98.5,44.2,N/A,68.4,76.1,76.2,76.8,65,60,OMN,MENA,45
Papua New Guinea,2015,53.1,20,25,N/A,66.9,68.7,N/A,53.5,74.5,72.7,85,35,30,PNG,AP,25
Peru,2015,67.7,40,38,N/A,78.6,88.5,N/A,67.7,63.4,83.9,87,70,60,PER,AME,36
Philippines,2015,62.2,30,36,N/A,79.1,89.3,N/A,55.3,58.2,78.8,75.4,60,60,PHL,AP,35
Poland,2015,68.6,60,60,N/A,82.1,47.1,N/A,67.3,60.4,81.3,88,70,70,POL,WE/EU,63
Portugal,2015,65.3,70,62,N/A,61.1,28.8,N/A,87.5,42.9,82.8,88,70,60,PRT,WE/EU,64
Qatar,2015,70.8,70,68,N/A,99.7,71.9,N/A,70.5,71.2,79.7,81.8,45,50,QAT,MENA,71
Romania,2015,66.6,40,43,N/A,86.9,62.3,N/A,69.8,68.6,77.3,88,80,50,ROU,WE/EU,46
Russia,2015,52.1,20,28,N/A,86.1,57.8,N/A,76.3,58.9,63.9,75,25,30,RUS,ECA,29
Rwanda,2015,64.8,30,53,N/A,80.2,79.2,N/A,59.5,84.5,76,80.8,65,40,RWA,SSA,54
Saint Lucia,2015,70.2,70,71,N/A,77.7,65.8,N/A,75.6,79.8,85.5,72,65,40,LCA,AME,
Saint Vincent and the Grenadines,2015,68,70,62,N/A,73.3,75.3,N/A,70.8,78.2,82.3,68.4,60,40,VCT,AME,
Saudi Arabia,2015,62.1,40,46,N/A,99.7,61.9,N/A,65.8,72.7,68.4,76.4,40,50,SAU,MENA,52
Senegal,2015,57.8,40,41,N/A,71.3,74.6,N/A,54.6,39.5,83,74,60,40,SEN,SSA,44
Seychelles,2015,57.5,50,54,N/A,79.8,59.4,N/A,67.7,63.9,76,44,50,30,SYC,SSA,55
Sierra Leone,2015,51.7,10,30,N/A,80.8,87.5,N/A,53.4,41.6,68.5,70.2,55,20,SLE,SSA,29
Singapore,2015,89.4,90,86,N/A,91.2,93.8,N/A,96.9,96.9,83.7,90,85,80,SGP,AP,85
Slovakia,2015,67.2,50,47,N/A,80.8,55.1,N/A,69.6,56.5,75.5,88,80,70,SVK,WE/EU,51
Slovenia,2015,60.3,60,57,N/A,58.1,0,N/A,81.2,57.1,81.3,88,70,50,SVN,WE/EU,60
Solomon Islands,2015,47,30,25,N/A,61.1,25.7,N/A,67.7,68.6,74.3,73,15,30,SLB,AP,
Somalia,2015,N/A,N/A,8,N/A,N/A,N/A,N/A,N/A,N/A,N/A,N/A,N/A,N/A,SOM,SSA,8
South Africa,2015,62.6,50,42,N/A,69.5,68.2,N/A,73,61.6,74.9,76.6,50,60,ZAF,SSA,44
South Korea,2015,71.5,75,55,N/A,72.5,67.9,N/A,89.7,51.1,81.6,72.6,70,80,KOR,AP,54
Spain,2015,67.6,70,59,N/A,53.1,39.8,N/A,77.5,52.6,81.3,88,85,70,ESP,WE/EU,58
Sri Lanka,2015,58.6,35,37,N/A,85,88.4,N/A,72.5,58.7,68.2,71.6,30,40,LKA,AP,37
Sudan,2015,N/A,N/A,11,N/A,86.4,94.5,N/A,49,43.8,52.8,55.6,15,N/A,SDN,SSA,12
Suriname,2015,54.2,35,36,N/A,69.3,73.8,N/A,42.2,81.9,77.2,66.2,30,30,SUR,AME,36
Sweden,2015,72.7,90,89,N/A,43,19.2,N/A,87.9,54,85.5,88,90,80,SWE,WE/EU,89
Switzerland,2015,80.5,90,85,N/A,70.3,65.1,N/A,78.1,75.3,86.3,90,85,80,CHE,WE/EU,86
Syria,2015,N/A,10,17,N/A,N/A,N/A,N/A,57.3,49.1,N/A,N/A,0,20,SYR,MENA,18
Taiwan,2015,75.1,70,61,N/A,80.4,87.1,N/A,92.4,55.2,83.3,86.4,75,60,TWN,AP,62
Tajikistan,2015,52.7,20,22,N/A,92.1,81.9,N/A,65.4,46.4,69.6,74.6,25,30,TJK,ECA,26
Tanzania,2015,57.5,30,33,N/A,79.9,79.3,N/A,45,61.4,69.7,67,60,50,TZA,SSA,30
Timor-Leste,2015,45.5,20,30,N/A,64.7,0,N/A,59.8,72,68.7,79.6,40,20,TLS,AP,28
Togo,2015,53,30,29,N/A,69.7,78.1,N/A,51.9,43.4,80.4,67.8,50,30,TGO,SSA,32
Trinidad and Tobago,2015,64.1,50,38,N/A,79,69.3,N/A,65.3,76.6,74.3,78.6,60,50,TTO,AME,39
Tunisia,2015,57.7,40,41,N/A,74.3,70.8,N/A,81.2,69.1,74.8,61.2,35,30,TUN,MENA,38
Turkey,2015,63.2,45,50,N/A,76.1,57.6,N/A,61,50.2,72.4,84.6,75,60,TUR,ECA,42
Turkmenistan,2015,41.4,5,17,N/A,94,93.5,N/A,30,20,64.2,80,0,10,TKM,ECA,18
Uganda,2015,59.7,25,26,N/A,73.3,89,N/A,43.3,87.5,76.3,76.6,60,40,UGA,SSA,25
Ukraine,2015,46.9,20,25,N/A,78.7,28,N/A,59.3,48.2,78.6,85.8,15,30,UKR,ECA,27
United Arab Emirates,2015,72.4,55,69,N/A,99.5,85.8,N/A,74.7,83.8,83.8,82.4,40,50,ARE,MENA,70
United Kingdom,2015,75.8,90,76,N/A,62.9,30.3,N/A,91.1,75.6,74.4,88,90,80,GBR,WE/EU,81
Uzbekistan,2015,47,15,17,N/A,90.2,67.3,N/A,73.1,64.2,63.5,69.8,0,10,UZB,ECA,19
Vanuatu,2015,61.1,40,33.5,N/A,97.2,83.8,N/A,51.5,46.4,82.9,75.4,60,40,VUT,AP,
Vietnam,2015,51.7,15,31,N/A,79.1,77.1,N/A,61.5,62.9,66.8,78.6,15,30,VNM,AP,31
Yemen,2015,53.7,30,18,N/A,91.5,59.9,N/A,54,57.1,68.5,77.6,50,30,YEM,MENA,18
Zambia,2015,58.7,30,38,N/A,71.9,78,N/A,68.2,46,73.2,76.8,55,50,ZMB,SSA,38
Zimbabwe,2015,37.6,10,21,N/A,66.6,74.2,N/A,37.1,23.7,75.4,58.4,0,10,ZWE,SSA,21
Afghanistan,2016,N/A,N/A,12,N/A,91.6,81.2,N/A,56.6,63.2,N/A,N/A,55,N/A,AFG,AP,15
Albania,2016,65.9,35,33,N/A,87.8,75,N/A,67.6,51.5,81.7,87.6,70,70,ALB,ECA,39
Algeria,2016,50.1,25,36,N/A,81,59.4,N/A,62.1,48.2,68.1,60.8,30,30,DZA,MENA,34
Angola,2016,48.9,15,19,N/A,87.8,50.1,N/A,50.3,44.8,72.2,70.2,40,40,AGO,SSA,18
Argentina,2016,43.8,15,34,N/A,66.1,51.3,N/A,56,43.9,44,67.4,30,30,ARG,AME,36
Armenia,2016,67,20,37,N/A,83.8,80.7,N/A,77.5,62.2,72.8,85.6,80,70,ARM,ECA,33
Australia,2016,80.3,90,80,N/A,63.2,62,N/A,89.4,77.2,85.2,86.4,80,90,AUS,AP,79
Austria,2016,71.7,90,72,N/A,50.7,22.4,N/A,79.4,72.5,81.7,88,90,70,AUT,WE/EU,75
Azerbaijan,2016,60.2,20,29,N/A,88,56.7,N/A,70.3,75.2,77,75.8,60,50,AZE,ECA,30
Bahrain,2016,74.3,60,49,N/A,99.9,75.4,N/A,71.9,79.1,74.6,82.6,70,80,BHR,MENA,43
Barbados,2016,68.3,80,74,N/A,75.8,37.6,N/A,70.2,67.3,80.8,62.2,75,60,BRB,AME,61
Belarus,2016,48.8,20,31,N/A,88.6,44.8,N/A,69,74.9,50.4,79,20,10,BLR,ECA,40
Belgium,2016,68.4,80,76,N/A,44.2,11,N/A,85.4,60.5,84,88,85,70,BEL,WE/EU,77
Benin,2016,59.3,30,39,N/A,68.1,84.9,N/A,51.3,53.8,82.2,58.8,75,50,BEN,SSA,36
Bhutan,2016,59.5,60,65,N/A,83.1,67.5,N/A,65.2,77.6,66.9,60,20,30,BTN,AP,65
Bolivia,2016,47.4,10,35,N/A,86.4,55.5,N/A,58.8,31.7,65,76.6,15,40,BOL,AME,33
Bosnia and Herzegovina,2016,58.6,20,39,N/A,83.9,33.1,N/A,54.6,59.4,84.3,87,65,60,BIH,ECA,39
Botswana,2016,71.1,70,63,N/A,79.1,68.4,N/A,66.4,68.5,76.3,84,65,70,BWA,SSA,60
Brazil,2016,56.5,45,43,N/A,69.7,55.2,N/A,61.4,52.5,64.2,69.4,55,50,BRA,AME,40
Brunei Darussalam,2016,67.3,30,60,N/A,87,57.3,N/A,71.3,90.2,76.8,85.2,65,50,BRN,AP,58
Bulgaria,2016,65.9,30,43,N/A,91.1,60.4,N/A,66.9,71.6,82.6,88,65,60,BGR,WE/EU,41
Burkina Faso,2016,59.1,30,38,N/A,82.8,76.8,N/A,46.3,58.9,84.9,68.2,65,40,BFA,SSA,42
Burundi,2016,53.9,20,20,N/A,73.8,70.5,N/A,54.2,67.6,73.8,74.2,55,30,BDI,SSA,20
Cabo Verde,2016,66.5,75,57,N/A,78.1,66.9,N/A,61.3,43.6,84.5,68.2,70,60,CPV,SSA,59
Cambodia,2016,57.9,25,21,N/A,90.5,87.4,N/A,32.3,62.5,78.1,72.2,60,50,KHM,AP,21
Cameroon,2016,54.2,25,27,N/A,75.6,85.6,N/A,46.9,48.9,81.2,61.6,40,50,CMR,SSA,26
Canada,2016,78,90,81,N/A,80,50.4,N/A,81.8,72.6,76.9,87,80,80,CAN,AME,82
Central African Republic,2016,45.2,10,24,N/A,65.7,93.6,N/A,28,40.9,62.9,52.2,45,30,CAF,SSA,20
Chad,2016,46.3,20,22,N/A,46,84.3,N/A,30.9,48.9,71.4,49.8,50,40,TCD,SSA,20
Chile,2016,77.7,85,73,N/A,74.8,83.1,N/A,72.1,64.3,82.9,86.4,85,70,CHL,AME,66
China,2016,52,20,36,N/A,69.7,74.3,N/A,54.2,62,70.6,72.8,30,30,CHN,AP,40
Colombia,2016,70.8,50,37,N/A,80.1,74.4,N/A,78.2,77.6,79.6,81,80,70,COL,AME,37
Comoros,2016,52.4,30,26,N/A,64.5,81,N/A,49.6,51,79.4,72,40,30,COM,SSA,24
Croatia,2016,59.1,35,48,N/A,70.8,33.7,N/A,60.3,42.4,78.7,87.4,75,60,HRV,WE/EU,49
Cuba,2016,29.8,10,46,N/A,52.1,0,N/A,20,20,65.2,64.6,10,10,CUB,AME,47
Cyprus,2016,68.7,70,63,N/A,76.1,47.3,N/A,74.5,58.2,85.3,88,75,50,CYP,WE/EU,55
Czech Republic,2016,73.2,75,51,N/A,82.5,47.3,N/A,66.6,77.7,84.1,88,80,80,CZE,WE/EU,55
Denmark,2016,75.3,95,92,N/A,39.5,2.3,N/A,95.4,86,84.4,88,90,80,DNK,WE/EU,90
Djibouti,2016,56,25,34,N/A,80.6,57.4,N/A,50.8,62.9,74.3,54.6,70,50,DJI,SSA,30
Dominica,2016,67,60,58,N/A,74,68.5,N/A,73.3,68.7,90.1,72.6,75,30,DMA,AME,59
Dominican Republic,2016,61,25,32,N/A,84.5,90.2,N/A,56.6,56.5,73.1,77.2,75,40,DOM,AME,31
Ecuador,2016,48.6,15,33,N/A,79.2,41.8,N/A,55.5,51.6,68.1,71.4,30,40,ECU,AME,31
Egypt,2016,56,20,37,N/A,85.6,65.9,N/A,68.3,51.4,65.8,70.6,55,40,EGY,MENA,34
Equatorial Guinea,2016,43.7,10,19,N/A,75.4,45.6,N/A,45.6,38.4,78.9,53.8,40,30,GNQ,SSA,
Eritrea,2016,42.7,10,18,N/A,80.9,73.4,N/A,32.1,65.6,57.8,69.2,0,20,ERI,SSA,18
Estonia,2016,77.2,90,69,N/A,81.9,54.9,N/A,79,57.2,82.2,88,90,80,EST,WE/EU,70
Eswatini,2016,59.7,40,43,N/A,70.9,64.9,N/A,58.6,65.8,74.5,88.8,50,40,SWZ,SSA,
Ethiopia,2016,51.5,30,33,N/A,77.2,90.5,N/A,55.8,57.7,66,65,20,20,ETH,SSA,34
Finland,2016,72.6,90,89,N/A,66.5,0.8,N/A,90.7,53.7,81.9,88,85,80,FIN,WE/EU,89
France,2016,62.3,80,69,N/A,47.7,2.5,N/A,78.4,43.5,79.1,83,70,70,FRA,WE/EU,69
Gabon,2016,59,40,37,N/A,77.6,74.5,N/A,58.4,61.9,78.4,61.8,60,40,GAB,SSA,35
Georgia,2016,72.6,40,52,N/A,87.6,75.3,N/A,86.5,75.7,80.5,88.6,80,60,GEO,ECA,57
Germany,2016,74.4,90,79,N/A,61.5,41.3,N/A,90,50.6,83.3,88,90,70,DEU,WE/EU,81
Ghana,2016,63,50,48,N/A,84.9,77.6,N/A,61.5,56.5,66.5,65,60,60,GHA,SSA,43
Greece,2016,53.2,40,43,N/A,64.4,0,N/A,73.8,50.2,77.7,83,60,40,GRC,WE/EU,44
Guinea,2016,53.3,20,25,N/A,68.5,81.2,N/A,51.4,71.8,69.2,61.2,45,40,GIN,SSA,27
Guyana,2016,55.4,30,30,N/A,68.7,73.1,N/A,63,70.7,77.4,70.8,40,30,GUY,AME,34
Haiti,2016,51.3,10,19,N/A,80.5,76.4,N/A,47.1,62,76,72,40,30,HTI,AME,20
Hong Kong,2016,88.6,90,74,N/A,92.6,90.7,N/A,97.4,89,81.8,90,90,90,HKG,AP,77
Iceland,2016,73.3,90,79,N/A,73.3,42.1,N/A,90.1,61.6,79.5,87.8,70,60,ISL,WE/EU,78
India,2016,56.2,55,38,N/A,77.1,78.1,N/A,47.6,47.8,72.8,71,35,40,IND,AP,40
Indonesia,2016,59.4,30,34,N/A,83.4,89,N/A,54,49.3,74.3,80.4,40,60,IDN,AP,37
Iran,2016,43.5,10,27,N/A,81.2,93.2,N/A,59.3,49,50.6,54.6,0,10,IRN,MENA,29
Iraq,2016,N/A,N/A,16,N/A,N/A,29.7,N/A,63.2,68.5,75,N/A,N/A,N/A,IRQ,MENA,17
Ireland,2016,77.3,90,74,N/A,73.6,50.3,N/A,79.6,72.1,85.5,88,90,70,IRL,WE/EU,73
Israel,2016,70.7,75,60,N/A,60.6,48.8,N/A,70.6,64.6,84.2,88.2,85,70,ISR,MENA,64
Italy,2016,61.2,50,43,N/A,55.8,22.1,N/A,70.3,53,84.5,88,85,60,ITA,WE/EU,47
Japan,2016,73.1,80,76,N/A,68.5,46.2,N/A,82.5,83.9,81.2,82.6,70,60,JPN,AP,72
Jordan,2016,68.3,60,49,N/A,91.7,62,N/A,64.9,68.4,83.1,73.4,70,60,JOR,MENA,48
Kazakhstan,2016,63.6,30,29,N/A,93,87.7,N/A,72.3,82.7,74,77.4,40,50,KAZ,ECA,29
Kenya,2016,57.5,30,25,N/A,79.4,80.8,N/A,48.6,62.2,73.5,65.6,60,50,KEN,SSA,26
Kosovo,2016,61.4,30,33,N/A,93.6,76.8,N/A,69.3,66.3,78.9,70.8,65,30,KSV,ECA,36
Kuwait,2016,62.7,45,44,N/A,97.7,57.7,N/A,63.4,62.7,74.2,77.2,55,50,KWT,MENA,41
Laos,2016,49.8,15,25,N/A,86.1,73.8,N/A,55.9,57.6,71.3,58.6,35,20,LAO,AP,30
Latvia,2016,70.4,50,55,N/A,84.8,58.4,N/A,78.6,59.5,84.8,88,85,60,LVA,WE/EU,57
Lebanon,2016,59.5,20,27,N/A,91.3,75.7,N/A,59.1,57.3,79,75.8,60,50,LBN,MENA,28
Lesotho,2016,50.6,30,49,N/A,59.1,0,N/A,53.3,62.1,76.9,85.8,50,40,LSO,SSA,39
Liberia,2016,52.2,25,37,N/A,83.8,67.7,N/A,55.1,44.5,71,72.8,45,20,LBR,SSA,37
Libya,2016,N/A,10,18,N/A,95,0,N/A,55.5,63.1,74,N/A,5,N/A,LBY,MENA,14
Lithuania,2016,75.2,65,58,N/A,92.9,63.8,N/A,80,60,84.6,88,80,80,LTU,WE/EU,59
Luxembourg,2016,73.9,90,82,N/A,61.1,43,N/A,73.7,42.6,83.2,88,95,80,LUX,WE/EU,81
Madagascar,2016,61.1,45,28,N/A,91.1,93.4,N/A,52.9,48.5,74.5,77.2,50,50,MDG,SSA,26
Malawi,2016,51.8,40,33,N/A,79,27.1,N/A,44.5,63.4,53.6,72.4,55,50,MWI,SSA,31
Maldives,2016,53.9,25,21.9,N/A,94,60.8,N/A,81.5,70.4,73,47.8,35,30,MDV,AP,36
Mali,2016,56.5,25,32,N/A,70.3,82.8,N/A,46.3,50.8,83,70.2,65,40,MLI,SSA,32
Malta,2016,66.7,70,55,N/A,63.9,46.5,N/A,61.6,53.5,83.5,88,85,60,MLT,WE/EU,55
Mauritania,2016,54.8,25,30,N/A,81.6,75.3,N/A,48.7,50.7,77.7,69,50,40,MRT,SSA,27
Mauritius,2016,74.7,60,54,N/A,92,81.5,N/A,77.5,65,78.7,88.6,80,70,MUS,SSA,54
Mexico,2016,65.2,50,35,N/A,74.9,76.4,N/A,70.7,58.2,77.4,79.2,70,60,MEX,AME,30
Moldova,2016,57.4,40,35,N/A,85.4,55.6,N/A,64.6,39.3,76,73.6,55,50,MDA,ECA,30
Mongolia,2016,59.4,30,39,N/A,84.4,51.5,N/A,67.7,77.9,68,70,45,60,MNG,AP,38
Montenegro,2016,64.9,40,42,N/A,91.6,39.8,N/A,76.6,72,82.6,84.8,70,50,MNE,ECA,45
Morocco,2016,61.3,40,39,N/A,71.5,65.6,N/A,66.4,34.3,84.1,81.8,70,60,MAR,MENA,37
Namibia,2016,61.9,30,49,N/A,64.4,63.9,N/A,68.2,84.5,75.1,83.4,60,40,NAM,SSA,52
Nepal,2016,50.9,30,29,N/A,85.1,91.1,N/A,64.9,47.3,70.8,55.6,5,30,NPL,AP,29
Netherlands,2016,74.6,90,83,N/A,52.7,34.4,N/A,80,64,83.4,88,90,80,NLD,WE/EU,83
New Zealand,2016,81.6,95,91,N/A,71,46,N/A,91.4,85.9,88.1,87.2,80,80,NZL,AP,90
Niger,2016,54.3,30,35,N/A,76.3,76.8,N/A,39.6,42.3,83,64.6,55,40,NER,SSA,35
Nigeria,2016,57.5,30,27,N/A,85.1,94.6,N/A,48.7,72.9,71.5,64.8,40,40,NGA,SSA,28
Norway,2016,70.8,90,86,N/A,53.2,41.8,N/A,89.6,48.5,76.2,87.8,75,60,NOR,WE/EU,85
Oman,2016,67.1,55,45,N/A,98.5,36.8,N/A,70.1,72.5,77.9,85,70,60,OMN,MENA,45
Papua New Guinea,2016,53.2,20,25,N/A,67.3,76.2,N/A,59.9,71.9,70.6,85.6,25,30,PNG,AP,28
Peru,2016,67.4,40,38,N/A,78.5,86.1,N/A,67.8,62.9,83.7,87,70,60,PER,AME,35
Philippines,2016,63.1,30,38,N/A,79,89.6,N/A,63,57.1,77.7,76.4,60,60,PHL,AP,35
Poland,2016,69.3,65,61,N/A,75.5,46.5,N/A,68.7,58,85.2,88,75,70,POL,WE/EU,62
Portugal,2016,65.1,70,63,N/A,60.5,24.8,N/A,85.3,43.5,85.7,88,70,60,PRT,WE/EU,62
Qatar,2016,70.7,65,69,N/A,99.7,70.4,N/A,71.4,70.7,74.1,81.8,45,60,QAT,MENA,61
Romania,2016,65.6,35,43,N/A,87.5,65.6,N/A,66.1,65.1,81.1,88,75,50,ROU,WE/EU,48
Russia,2016,50.6,20,27,N/A,82.2,56.2,N/A,72.2,57.6,62.9,72.4,25,30,RUS,ECA,29
Rwanda,2016,63.1,30,49,N/A,80.1,77.1,N/A,60.5,82,79.4,67.6,65,40,RWA,SSA,54
Saint Lucia,2016,70,70,71,N/A,76.9,70.6,N/A,77.6,76.2,80.3,72,65,40,LCA,AME,60
Saint Vincent and the Grenadines,2016,68.8,70,67,N/A,73.8,69.7,N/A,77.6,74.5,85.3,65.4,65,40,VCT,AME,60
Saudi Arabia,2016,62.1,40,49,N/A,99.7,56.8,N/A,69.9,68.5,69.2,77.8,40,50,SAU,MENA,46
Senegal,2016,58.1,40,43,N/A,71.6,76.1,N/A,49.1,42.4,84.9,73.8,60,40,SEN,SSA,45
Seychelles,2016,62.2,50,55,N/A,79.3,62,N/A,66,62.1,79.7,83.4,55,30,SYC,SSA,
Sierra Leone,2016,52.3,10,31,N/A,81.2,92.6,N/A,49.9,43.2,70.8,69.4,55,20,SLE,SSA,30
Singapore,2016,87.8,90,84,N/A,91.2,90.1,N/A,95,90.7,81.8,90,85,80,SGP,AP,84
Slovakia,2016,66.6,50,50,N/A,80.1,49.5,N/A,68.4,55,79.5,88,75,70,SVK,WE/EU,51
Slovenia,2016,60.6,60,58,N/A,58.6,0,N/A,82,55.4,84.3,88,70,50,SVN,WE/EU,61
Solomon Islands,2016,47,30,25,N/A,61.4,25.2,N/A,68.5,66.2,75.5,73,15,30,SLB,AP,42
Somalia,2016,N/A,N/A,8,N/A,N/A,N/A,N/A,N/A,N/A,N/A,N/A,N/A,N/A,SOM,SSA,10
South Africa,2016,61.9,50,44,N/A,70.1,69.9,N/A,69.7,58.7,74.6,77,45,60,ZAF,SSA,45
South Korea,2016,71.7,70,55,N/A,73.8,69.7,N/A,91.1,50.6,82.6,74.6,70,80,KOR,AP,53
Spain,2016,68.5,70,60,N/A,58.3,41.1,N/A,76,51.7,84.7,88,85,70,ESP,WE/EU,58
Sri Lanka,2016,59.9,40,38,N/A,85.1,90,N/A,70.3,56.5,71.5,72.4,35,40,LKA,AP,36
Sudan,2016,N/A,N/A,11,N/A,86.4,94.8,N/A,48.8,43.5,46.7,50.6,10,N/A,SDN,SSA,14
Suriname,2016,53.8,30,36,N/A,69.4,70.3,N/A,48.8,76.3,78.7,68.4,30,30,SUR,AME,45
Sweden,2016,72,90,87,N/A,44.4,14.9,N/A,89.7,53.5,87.1,88,85,80,SWE,WE/EU,88
Switzerland,2016,81,90,86,N/A,70.9,66.3,N/A,82.2,72.1,87.8,90,85,80,CHE,WE/EU,86
Syria,2016,N/A,10,20,N/A,N/A,N/A,N/A,62.4,46.9,42.7,56.6,0,20,SYR,MENA,13
Taiwan,2016,74.7,70,61,N/A,76.1,88.7,N/A,93.2,53.8,83.2,86.4,75,60,TWN,AP,61
Tajikistan,2016,51.3,20,23,N/A,91.6,76.9,N/A,61.1,47.3,69.8,68.6,25,30,TJK,ECA,25
Tanzania,2016,58.5,25,31,N/A,79.2,88.4,N/A,47.5,62.6,67.7,73.2,60,50,TZA,SSA,32
Timor-Leste,2016,45.8,20,28,N/A,64.7,0,N/A,68,66,70.9,80,40,20,TLS,AP,35
Togo,2016,53.6,30,29,N/A,68.7,80.4,N/A,51.4,46.2,79.5,71.2,50,30,TGO,SSA,32
Trinidad and Tobago,2016,62.9,50,38,N/A,79.4,62.3,N/A,69.5,72.8,68.5,78.6,60,50,TTO,AME,35
Tunisia,2016,57.6,40,40,N/A,74,73.4,N/A,81.3,64,75.6,62.2,35,30,TUN,MENA,41
Turkey,2016,62.1,40,45,N/A,75.2,55.6,N/A,65.4,48.6,71.5,84.4,75,60,TUR,ECA,41
Turkmenistan,2016,41.9,5,17,N/A,95.3,92.2,N/A,30,20,69.4,80,0,10,TKM,ECA,22
Uganda,2016,59.3,25,26,N/A,73.2,91.5,N/A,40.3,83.7,80.1,72.8,60,40,UGA,SSA,25
Ukraine,2016,46.8,25,26,N/A,78.6,30.6,N/A,56.8,47.9,66.9,85.8,20,30,UKR,ECA,29
United Arab Emirates,2016,72.6,55,70,N/A,95,76.1,N/A,79.6,80.7,81.3,82.8,45,60,ARE,MENA,66
United Kingdom,2016,76.4,90,78,N/A,64.9,39,N/A,86,71.8,76.4,88,90,80,GBR,WE/EU,81
Uzbekistan,2016,46,15,18,N/A,90.4,66.6,N/A,67.1,61.9,65.6,65.6,0,10,UZB,ECA,21
Vanuatu,2016,60.8,40,33.5,N/A,97,86.1,N/A,51.8,47.7,78.3,74,60,40,VUT,AP,
Vietnam,2016,54,15,31,N/A,79.3,75.1,N/A,58.3,62.6,70.6,83,25,40,VNM,AP,33
Yemen,2016,N/A,30,19,N/A,N/A,N/A,N/A,51.9,54.4,71,N/A,N/A,30,YEM,MENA,14
Zambia,2016,58.8,30,38,N/A,73.3,81.1,N/A,66.4,48.3,72.6,78.2,50,50,ZMB,SSA,38
Zimbabwe,2016,38.2,10,21,N/A,60.8,73.6,N/A,37.6,30,79.1,50.2,10,10,ZWE,SSA,22
Afghanistan,2017,48.9,12.6,27.5,28.4,91.6,79.9,97.3,54.2,59.9,69.3,66,0,0,AFG,AP,15
Albania,2017,64.4,54,39.7,28.5,86.9,72.5,51.5,79.3,50.7,81.4,87.7,70,70,ALB,ECA,38
Algeria,2017,46.5,38.2,31.7,29.6,81.1,51,19.8,62.1,49.5,67,63.3,35,30,DZA,MENA,33
Angola,2017,48.5,36.4,12.8,19.8,87.7,58.6,70.7,58.5,40.4,70.6,56.7,30,40,AGO,SSA,19
Argentina,2017,50.4,32.4,38.2,39.6,62.6,54.6,56.4,57.3,46.1,50.9,66.7,50,50,ARG,AME,39
Armenia,2017,70.3,55.5,43.4,42.5,83.7,81.7,82.9,78.5,72.4,72.8,80.2,80,70,ARM,ECA,35
Australia,2017,81,81.7,74.8,92.9,63.2,59,84.6,89.3,84.1,86.4,86.2,80,90,AUS,AP,77
Austria,2017,72.3,86,75.2,81.8,50.3,19.3,79.7,76.9,67.6,83.4,87,90,70,AUT,WE/EU,75
Azerbaijan,2017,63.6,50.5,37.6,33,87.7,57.5,97.4,71.5,75,73.6,74.4,55,50,AZE,ECA,31
Bahrain,2017,68.5,64.2,55.5,53.7,99.9,69.8,12,69.4,78.7,80.7,82.8,75,80,BHR,MENA,36
Barbados,2017,54.5,55.5,34.3,33,74,39,0,69.6,67.7,83.7,62.2,75,60,BRB,AME,68
Belarus,2017,58.6,50.9,37.6,56.3,89.8,48.7,92.8,71.3,74.6,60.4,80.6,30,10,BLR,ECA,44
Belgium,2017,67.8,83.3,71.5,69.3,44.1,9.6,66.3,82,61.1,84.9,87,85,70,BEL,WE/EU,75
Benin,2017,59.2,36,31.3,29.4,68.6,85.9,71.3,51.9,52.4,85.4,68.7,80,50,BEN,SSA,39
Bhutan,2017,58.4,60.1,44.7,50.7,83.1,73.6,61.7,72.6,77.6,67.1,60,20,30,BTN,AP,67
Bolivia,2017,47.7,25.7,32.6,15.4,86.1,49.1,81.4,58.9,35.8,66.4,76,5,40,BOL,AME,33
Bosnia and Herzegovina,2017,60.2,41.2,32.7,40,83.5,33.7,89.3,47.4,59.3,84,86.6,65,60,BIH,ECA,38
Botswana,2017,70.1,58.1,57.6,54,77.1,61.2,99.4,68.8,68.6,77.9,83.8,65,70,BWA,SSA,61
Brazil,2017,52.9,55,33.4,49.7,70.1,53.1,22.8,61.3,52.3,67,69.4,50,50,BRA,AME,37
Brunei Darussalam,2017,69.8,62.5,40.9,39.9,85.6,61.2,100,76.6,90.4,76.1,89.1,65,50,BRN,AP,62
Bulgaria,2017,67.9,62.5,41.8,38.9,91,58.4,86.4,66.7,68.3,83.3,87,70,60,BGR,WE/EU,43
Burkina Faso,2017,59.6,38.2,31.7,28.4,82.6,82.5,88.4,46.4,53.3,84.6,69.2,70,40,BFA,SSA,42
Burundi,2017,53.2,25.7,24.6,19.8,73.8,69.5,69.6,53.5,67.4,75.2,74.2,55,30,BDI,SSA,22
Cabo Verde,2017,56.9,42.6,41.8,50.2,78.3,70.7,1.2,65.5,43.2,86.7,68.2,75,60,CPV,SSA,55
Cambodia,2017,59.5,42.4,12.8,22.1,90.2,88.1,95.7,29.6,62,81,80.3,60,50,KHM,AP,21
Cameroon,2017,51.8,43.5,17.4,29.6,75.4,84.4,60.9,44.3,47.8,80.1,53.4,35,50,CMR,SSA,25
Canada,2017,78.5,88.3,81.6,80.8,77.4,52.3,80.3,81.9,73.1,77.8,88.4,80,80,CAN,AME,82
Central African Republic,2017,51.8,12.6,28.7,33,65.8,94.1,84.1,27.2,42.7,68.2,55.2,80,30,CAF,SSA,23
Chad,2017,49,30.6,24.6,24.1,46,87.2,74.6,27.5,44.9,74.3,54.7,60,40,TCD,SSA,20
Chile,2017,76.5,68.2,70.5,63.7,77.6,82.2,96.1,72.3,64.3,82.2,86.4,85,70,CHL,AME,67
China,2017,57.4,48.3,41.6,60.7,70,73,92.5,53.9,63.4,71.8,73.6,20,20,CHN,AP,41
Colombia,2017,69.7,63.8,39.6,25.2,80.1,74.2,89.8,77.1,77.9,77,81.6,80,70,COL,AME,37
Comoros,2017,55.8,37.3,30,22.6,64.6,81.2,98.6,58.5,50.6,81.5,70.2,45,30,COM,SSA,27
Croatia,2017,59.4,65.5,43.4,56.8,66.8,31.3,44.7,58.2,43.3,80.3,87.4,75,60,HRV,WE/EU,49
Cuba,2017,33.9,32.4,41.8,10,51.3,0,81.2,20,20,66,64.5,10,10,CUB,AME,47
Cyprus,2017,67.9,75.4,53.6,60.7,73,48.8,72.9,75.8,58.6,83.3,87,75,50,CYP,WE/EU,57
Czech Republic,2017,73.3,70.3,55.9,55.9,82.9,45.3,92,67.2,77.7,85.8,87,80,80,CZE,WE/EU,57
Denmark,2017,75.1,86.7,84.9,68.5,37.2,5.7,95.4,93.9,85.8,85.5,87,90,80,DNK,WE/EU,88
Djibouti,2017,46.7,12.3,32.6,10.3,80.9,39.5,13.8,51.6,59,75.3,54.9,80,50,DJI,SSA,31
Dominica,2017,63.7,43.8,40.9,67.7,73.2,67.5,72.6,72.1,59,89.5,72.6,75,30,DMA,AME,57
Dominican Republic,2017,62.9,56.1,30.9,25.3,84.6,90.2,90.1,52.8,56.2,76.7,77,75,40,DOM,AME,29
Ecuador,2017,49.3,38.7,33.9,22.3,79.1,46.1,56.4,55.4,47.3,67.7,69.7,35,40,ECU,AME,32
Egypt,2017,52.6,35.4,32.7,56.3,86.1,63,4.6,66.8,51.3,69.6,70.2,55,40,EGY,MENA,32
Equatorial Guinea,2017,45,35.4,24.6,13.1,75.4,53.6,46.4,50.9,38.5,78.3,53.8,40,30,GNQ,SSA,17
Eritrea,2017,42.2,36.4,27.5,10.3,81.3,74.7,0,56.7,69.7,61,69.2,0,20,ERI,SSA,20
Estonia,2017,79.1,82.6,69.9,82.8,81.2,55.8,99.8,77,56.9,85.7,87,90,80,EST,WE/EU,71
Eswatini,2017,61.1,53.5,30.9,33.3,74.8,71.6,93.2,57.5,64.4,75.6,88.9,50,40,SWZ,SSA,39
Ethiopia,2017,52.7,32.6,37.6,29.6,77.1,90.3,86.5,50,57.2,65.7,65.1,20,20,ETH,SSA,35
Finland,2017,74,90.6,90,82.7,66.6,0,77.3,90.2,53.4,85.1,87,85,80,FIN,WE/EU,85
France,2017,63.3,85,69.7,72.7,47.6,2,57,78,44.1,81.6,82,70,70,FRA,WE/EU,70
Gabon,2017,58.6,35.9,37.6,26.7,77,81,96.1,50.6,58.4,83,61.8,55,40,GAB,SSA,32
Georgia,2017,76,55.1,65,66.5,87.3,74.4,93.5,87.2,75.9,78.2,88.6,80,60,GEO,ECA,56
Germany,2017,73.8,82.9,77.7,79.5,61.9,41.4,89.9,86.6,42.8,85.9,87,80,70,DEU,WE/EU,81
Ghana,2017,56.2,51.6,35.5,40.9,84.5,76.3,9.2,59.6,57.4,64.5,65.1,70,60,GHA,SSA,40
Greece,2017,55,52.5,41.3,56.1,61.1,5.4,58.1,74.3,51,78.2,82,60,40,GRC,WE/EU,48
Guinea,2017,47.6,15.6,27.5,13.1,69.1,78.4,34.2,55.8,54.8,71.1,61.2,50,40,GIN,SSA,27
Guyana,2017,58.5,37.7,33.9,34.1,68,72.8,80.9,63.2,70.9,79.8,70.7,60,30,GUY,AME,38
Haiti,2017,49.6,12.6,19.1,25.1,80.3,81,51.8,49.4,62.1,73.8,70.6,40,30,HTI,AME,22
Hong Kong,2017,89.8,93.7,80.3,84,93,90,100,94.6,89.1,83.2,90,90,90,HKG,AP,77
Iceland,2017,74.4,85,71.5,71.5,70.9,41.1,90.6,90.2,62.6,81.2,88,80,60,ISL,WE/EU,77
India,2017,52.6,55.4,44.3,44.4,77.2,77.4,11,52.8,41.6,75,72.6,40,40,IND,AP,40
Indonesia,2017,61.9,48.3,44.7,39.3,83.6,89.9,90.1,49.1,48.9,74,80.5,35,60,IDN,AP,37
Iran,2017,50.5,32.4,29.6,36,81.1,92.7,94.9,64.8,54.5,55.5,54.5,0,10,IRN,MENA,30
Iraq,2017,N/A,37.3,19.1,15.9,N/A,36.1,11.3,61.2,68,76.9,N/A,N/A,N/A,IRQ,MENA,18
Ireland,2017,76.7,85.8,78.3,78.3,72.7,57.1,60.3,80.3,73.6,87.6,87,90,70,IRL,WE/EU,74
Israel,2017,69.7,71.9,47.6,82,61,50.5,71.8,69.9,64.3,84.9,88,75,70,ISR,MENA,62
Italy,2017,62.5,74.6,44.7,55.4,54.9,22.3,66.9,69.8,52.9,86.9,87,85,50,ITA,WE/EU,50
Japan,2017,69.6,89.4,86.1,73.8,68.5,52.3,9.5,82.3,77.5,83,82.6,70,60,JPN,AP,73
Jordan,2017,66.7,60.1,49.8,49.5,91.3,73.3,55.5,63.9,58.1,86.7,82,70,60,JOR,MENA,48
Kazakhstan,2017,69,56.1,38,56.5,93.3,85.7,98.9,74.5,82.5,73.9,78.5,40,50,KAZ,ECA,31
Kenya,2017,53.5,45.1,24.7,42.7,78.5,77.9,14.4,50,62.4,73.8,67.2,55,50,KEN,SSA,28
Kosovo,2017,67.9,70.3,45.9,58,93.5,77.8,88.9,68.8,65.3,80,70.8,65,30,KSV,ECA,39
Kuwait,2017,65.1,55.5,41.3,56.4,97.7,40.8,99.8,61.2,61.5,73.6,78.7,55,60,KWT,MENA,39
Laos,2017,54,35.3,32.6,35.9,86.1,76.6,61.2,66.3,54.4,70.2,74.6,35,20,LAO,AP,29
Latvia,2017,74.8,72.6,67.3,59.7,84.7,57.4,95,79.8,72,86.5,87,75,60,LVA,WE/EU,58
Lebanon,2017,53.3,43.8,23.3,25.3,91.8,76.1,0,51.5,49.5,78.4,84.4,65,50,LBN,MENA,28
Lesotho,2017,53.9,51.6,39.6,50.9,55.7,0,92.2,52.2,57.7,76.4,80.2,50,40,LSO,SSA,42
Liberia,2017,49.1,33.6,31.4,41,83.6,60.1,36.2,53.1,48.5,71.8,60.1,50,20,LBR,SSA,31
Libya,2017,N/A,6.8,26.7,22.6,95,0,11.4,65,52.5,69.2,80,N/A,N/A,LBY,MENA,17
Lithuania,2017,75.8,73,69.7,62.4,86.9,64.1,93.6,79.1,63.6,90,87,70,70,LTU,WE/EU,59
Luxembourg,2017,75.9,85.8,78.3,77,64.5,46,99,68.6,43.8,86.2,87,95,80,LUX,WE/EU,82
Madagascar,2017,57.4,34.8,25,21.4,91,93.2,79.8,43.3,43.8,73.3,78,55,50,MDG,SSA,24
Malawi,2017,52.2,36,31.3,44.2,79.1,69.8,33.5,45.3,56.9,54.7,70.5,55,50,MWI,SSA,31
Maldives,2017,50.3,45.1,31.4,33,93,51.5,9.4,80.6,70.4,76.3,47.8,35,30,MDV,AP,33
Mali,2017,58.6,36.7,34.3,33.8,69.4,88,87.8,44.2,51.1,83,70.1,65,40,MLI,SSA,31
Malta,2017,67.7,67.7,53.6,62.9,62.8,44.9,85.1,62.5,57.2,83.5,87,85,60,MLT,WE/EU,56
Mauritania,2017,54.4,22.5,29.2,13.8,81.2,73.2,77.1,64.4,57.4,81.9,62.3,50,40,MRT,SSA,28
Mauritius,2017,74.7,64.4,44.3,72.6,92,81.5,74.9,78.2,68.8,81.1,88.7,80,70,MUS,SSA,50
Mexico,2017,63.6,58.1,30,38.7,74.9,76.7,66.8,70.7,57.9,78.8,80,70,60,MEX,AME,29
Moldova,2017,58,49.6,28.6,23.9,86.1,54.8,90.6,65.9,38.9,72,80,55,50,MDA,ECA,31
Mongolia,2017,54.8,51.3,36.8,28.4,87.1,57.6,0,67.2,76.6,72.3,74.9,45,60,MNG,AP,36
Montenegro,2017,62,58,43.4,50.4,83.1,33.1,44.3,72,67.4,82.5,84.7,75,50,MNE,ECA,46
Morocco,2017,61.5,55,37.1,41.9,71.7,69.4,55,67.7,33.8,82.7,84,70,70,MAR,MENA,40
Namibia,2017,62.5,53.8,41.3,50.6,65.2,55.6,66.4,67.6,84.4,77.2,83.5,65,40,NAM,SSA,51
Nepal,2017,55.1,37.3,26.7,32,84.9,89.5,98.4,64.6,47.6,72.2,68.1,10,30,NPL,AP,31
Netherlands,2017,75.8,87.4,85.7,69.9,53.2,37,83,80.2,70.5,85.8,87,90,80,NLD,WE/EU,82
New Zealand,2017,83.7,96.1,89.9,88.5,70.8,46.5,97.8,91.8,86.2,90.1,87.4,80,80,NZL,AP,89
Niger,2017,50.8,33.8,35,22.6,76.3,73.4,38.5,39.1,46.1,83.3,66.4,55,40,NER,SSA,33
Nigeria,2017,57.1,35.3,12.2,33.2,85.2,95.2,87.2,48.9,73.9,71.3,62.3,40,40,NGA,SSA,27
Norway,2017,74,86.7,88.3,83.3,55.6,38.5,98.4,89.5,48.8,75.8,87.7,75,60,NOR,WE/EU,85
Oman,2017,62.1,60.8,47.6,52.3,98.5,20.5,36.3,68.4,70.3,80.6,85.2,65,60,OMN,MENA,44
Papua New Guinea,2017,50.9,37.7,32.7,54,67.8,64.5,16.7,59.8,67.4,69.8,85.4,25,30,PNG,AP,29
Peru,2017,68.9,58.3,38.8,28.2,80.3,85.1,98.4,69.4,62.8,83.3,87.1,75,60,PER,AME,37
Philippines,2017,65.6,49.2,38.7,37.1,78.9,89.4,97.2,62.6,57.2,80.6,76.4,60,60,PHL,AP,34
Poland,2017,68.3,60.8,55.5,58,76,46.9,76.1,67.8,61.5,84.7,87,75,70,POL,WE/EU,60
Portugal,2017,62.6,73.3,59,68.9,59.8,25.1,32.1,86.4,43.4,85.9,87,70,60,PRT,WE/EU,63
Qatar,2017,73.1,74.8,59,63,99.6,71.2,97.4,68.1,65.4,80.6,83.1,55,60,QAT,MENA,63
Romania,2017,69.7,63.9,45.9,58.5,87.4,65.3,90.9,65.9,62.5,83.6,87,75,50,ROU,WE/EU,48
Russia,2017,57.1,47.6,38.2,44.5,81.8,61.5,93.4,74.8,50.8,57.3,75.2,30,30,RUS,ECA,29
Rwanda,2017,67.6,64.4,45.9,68.8,79.8,77.3,83.3,59,81.8,80,70.3,60,40,RWA,SSA,55
Saint Lucia,2017,65,65.5,39.6,68.8,76.4,71.6,53.8,77.2,68.7,82.3,71.6,65,40,LCA,AME,55
Saint Vincent and the Grenadines,2017,65.2,37.3,47.6,68.8,72.8,71.7,66.7,80.3,74.5,82.9,65.2,75,40,VCT,AME,58
Saudi Arabia,2017,64.4,62,45.9,65,99.7,54.5,65.7,73.8,68.5,70.1,78.2,40,50,SAU,MENA,49
Senegal,2017,55.9,44,42.1,39.3,70.9,74.3,51.8,50.8,38.9,86,73.1,60,40,SEN,SSA,45
Seychelles,2017,61.8,55.2,44.3,42.6,78.8,63.9,90.7,63.4,55.9,78.3,83.4,55,30,SYC,SSA,60
Sierra Leone,2017,52.6,37.4,18.9,27,81.3,90.2,76.2,49.6,29.7,71.1,69.4,60,20,SLE,SSA,30
Singapore,2017,88.6,97.1,87.9,91.5,90.5,90.1,80.7,95.1,90.8,84.3,90,85,80,SGP,AP,84
Slovakia,2017,65.7,69,39.6,38,79.7,47.2,82.9,64.9,54.4,81.1,87,75,70,SVK,WE/EU,50
Slovenia,2017,59.2,75,53.6,55.1,58.7,28.6,6.1,80.6,60.2,85.3,87,70,50,SVN,WE/EU,61
Solomon Islands,2017,55,39.3,33.9,41.9,62.8,34.4,99.8,68.5,70.5,81,83,15,30,SLB,AP,39
Somalia,2017,N/A,6.8,11.6,N/A,100,N/A,0,92.3,91.8,N/A,N/A,N/A,N/A,SOM,SSA,9
South Africa,2017,62.3,67.6,47.6,59.7,70.2,68.4,70,62,58.9,75.8,77.3,40,50,ZAF,SSA,43
South Korea,2017,74.3,77.8,67.3,59.9,73.7,68.9,97.4,90.6,57,84,79.5,65,70,KOR,AP,54
Spain,2017,63.6,71.2,57.2,53.9,62.5,41.4,26.9,66.9,55.3,85.5,87,85,70,ESP,WE/EU,57
Sri Lanka,2017,57.4,48,30,48.3,85.3,90.2,31.2,72.8,57.5,76,74.5,35,40,LKA,AP,38
Sudan,2017,48.8,31.1,18.9,19.8,86.5,95.1,85.5,53.9,49.7,59.3,50.5,15,20,SDN,SSA,16
Suriname,2017,48,45.1,31.7,15.4,70.1,69.6,16.2,48.6,76.1,75.1,68.4,30,30,SUR,AME,41
Sweden,2017,74.9,88.6,87.4,82.2,44.4,21.7,93.4,90.8,53.2,85.3,87,85,80,SWE,WE/EU,84
Switzerland,2017,81.5,86.9,80.3,77.6,70.9,67.5,95.8,76.8,72.2,84.4,90,85,90,CHE,WE/EU,85
Syria,2017,N/A,37.3,30,22.6,N/A,N/A,0,66.4,55.7,N/A,56.6,N/A,N/A,SYR,MENA,14
Taiwan,2017,76.5,86.5,70.5,67.7,75.3,89.5,83.7,93.4,55,85.2,86.2,65,60,TWN,AP,63
Tajikistan,2017,58.2,45.5,32.7,45.6,90.9,74.1,95.8,65.6,49.2,69.8,73.9,25,30,TJK,ECA,21
Tanzania,2017,58.6,33.8,29.2,28.8,80.3,89.5,76.6,50.1,64.3,69.6,76,55,50,TZA,SSA,36
Timor-Leste,2017,46.3,6.8,29.2,10.3,64.7,65.6,20,72.2,63.9,77.5,80,45,20,TLS,AP,38
Togo,2017,53.2,33.8,36.8,39.9,68.2,79.8,45.1,50.3,46.2,77.5,71.3,60,30,TGO,SSA,32
Trinidad and Tobago,2017,61.2,54.7,36.8,48.7,81.4,57.7,51.8,67.7,71.4,75.9,78.6,60,50,TTO,AME,41
Tunisia,2017,55.7,49.6,37.3,39.9,73.7,73.4,53.4,80.6,56.1,75.9,63.8,35,30,TUN,MENA,42
Turkey,2017,65.2,61.3,40.7,52.5,75.5,57.7,95.7,64.3,48.5,72.2,79.4,75,60,TUR,ECA,40
Turkmenistan,2017,47.4,32.4,29.6,5,95.3,92.3,98.9,30,20,74.8,80,0,10,TKM,ECA,19
Uganda,2017,60.9,39.3,28.7,34.6,73.7,91,78.1,42.4,84.6,80.3,78.3,60,40,UGA,SSA,26
Ukraine,2017,48.1,41.4,29.2,22.6,78.6,38.2,67.9,62.1,48.8,47.4,85.9,25,30,UKR,ECA,30
United Arab Emirates,2017,76.9,76.7,74.2,85,96.4,67.4,99.2,81.1,80.9,78.4,83.5,40,60,ARE,MENA,71
United Kingdom,2017,76.4,93.8,78.3,93,65.1,41.9,40.4,89.9,72.8,85,87,90,80,GBR,WE/EU,82
Uzbekistan,2017,52.3,48,27.5,41.9,90.7,66.2,99.8,64.8,50.4,61.1,66.8,0,10,UZB,ECA,22
Vanuatu,2017,67.4,65.5,70.5,33,97,80.4,99.1,51.4,58.1,74.8,73.9,65,40,VUT,AP,43
Vietnam,2017,52.4,49.7,24.6,32,79.6,74.6,21.1,61.2,62.2,76,83.1,25,40,VNM,AP,35
Yemen,2017,N/A,37.3,17.4,22.6,N/A,77.2,10.6,51.4,54.2,59.7,N/A,N/A,N/A,YEM,MENA,16
Zambia,2017,55.8,49.6,35,39.8,73.1,81.6,21.6,66.6,48.2,70.7,78.3,55,50,ZMB,SSA,37
Zimbabwe,2017,44,27.3,14.7,26.1,61.1,75.2,90.6,36.2,33.1,76.5,52.8,25,10,ZWE,SSA,22
Afghanistan,2018,51.3,17.9,26.2,28.2,91.8,79.3,98.3,53,57.3,77.8,66,10,10,AFG,AP,16
Albania,2018,64.5,54.1,39.9,25.4,85.1,72.7,67.5,69.1,50.4,82.4,87.8,70,70,ALB,ECA,36
Algeria,2018,44.7,27.8,29,35.2,74,45.9,19.2,68.1,48.7,69.9,63.5,25,30,DZA,MENA,35
Angola,2018,48.6,36,18.9,25.4,82.4,69.1,54.8,58.3,50.9,58.5,59.5,30,40,AGO,SSA,19
Argentina,2018,52.3,40.8,32.6,44.5,65.7,55.6,52.6,56.2,43.3,51.3,70.3,55,60,ARG,AME,40
Armenia,2018,68.7,55.3,40.5,47.4,84.7,80,67.2,78.7,69.9,75.8,80,75,70,ARM,ECA,35
Australia,2018,80.9,78.7,77.4,93.4,63,61.2,84.3,89.1,79.7,87.4,86.2,80,90,AUS,AP,77
Austria,2018,71.8,83.5,73.5,80.9,49.9,19.4,81.1,75.5,66.7,83.7,86.9,90,70,AUT,WE/EU,76
Azerbaijan,2018,64.3,53.6,39.9,36.8,87.5,59.4,95.5,72.3,71.9,65.6,74.6,55,60,AZE,ECA,25
Bahrain,2018,67.7,62.1,51.8,55.1,99.9,66.4,6.5,75.5,76.5,79.9,83.4,75,80,BHR,MENA,36
Barbados,2018,57,51.4,53.8,54.4,74,39.3,0,70.5,63.2,85,62.2,70,60,BRB,AME,68
Belarus,2018,58.1,53.5,42,57.3,89.8,47.9,75.4,74.1,73.1,62.3,81.4,30,10,BLR,ECA,44
Belgium,2018,67.5,81.2,70.9,69.5,44,12.1,67.9,80.6,59.5,82.6,86.9,85,70,BEL,WE/EU,75
Benin,2018,56.7,35.5,30.2,31.3,67.4,85.6,49.7,60.7,49.9,84.7,55.6,80,50,BEN,SSA,40
Bhutan,2018,61.8,60.9,50.9,51.6,83,72.2,80,72.5,75.7,70.5,74.4,20,30,BTN,AP,68
Bolivia,2018,44.1,19,23.1,11.4,85.7,46.5,46.8,59.2,49.2,67.5,75.5,5,40,BOL,AME,29
Bosnia and Herzegovina,2018,61.4,39.5,28.4,43.7,83.5,41.5,94.4,49.3,59.6,83.5,87.8,65,60,BIH,ECA,38
Botswana,2018,69.9,57.7,56.6,54.7,76.1,63.4,98.2,69.5,64.6,79,83.9,65,70,BWA,SSA,61
Brazil,2018,51.4,55.8,31.4,55.5,70.6,50.7,7.7,58.6,46.8,71.4,68.5,50,50,BRA,AME,35
Brunei Darussalam,2018,64.2,56.6,45.4,57.1,85.6,57.7,20,79.9,88.9,75.1,89.1,65,50,BRN,AP,63
Bulgaria,2018,68.3,63.6,38.2,42.5,90.9,60.5,94.3,64.3,66.1,82.8,86.9,70,60,BGR,WE/EU,42
Burkina Faso,2018,60,42.1,31.8,47.1,80.6,83.7,80.4,51.5,47,84.5,65.8,65,40,BFA,SSA,41
Burundi,2018,50.9,17.6,26.2,21.7,71,78.6,54.8,53,63.2,70.2,69.2,55,30,BDI,SSA,17
Cabo Verde,2018,60,42.1,42.8,52,74,71.5,40.2,64.6,40.5,83.5,68.2,80,60,CPV,SSA,57
Cambodia,2018,58.7,36,17.7,24.5,89.8,86.5,92.1,30.6,57.7,79.7,80.3,60,50,KHM,AP,20
Cameroon,2018,51.9,40.6,23.4,29.4,73.7,86.1,72,44,42.9,82.5,53.4,25,50,CMR,SSA,25
Canada,2018,77.7,87.5,78.3,77.1,76.7,52.3,81.2,81.8,71.3,77.5,88.1,80,80,CAN,AME,81
Central African Republic,2018,49.2,17.9,24.6,28.2,64.6,94.6,96.4,27.2,34.5,70.5,57.2,45,30,CAF,SSA,26
Chad,2018,49.3,25.1,23.1,24.1,44.8,90.5,81.9,29.4,40.3,79.9,52.2,60,40,TCD,SSA,19
Chile,2018,75.2,67.9,61.2,63.4,78,81.3,91.7,72.4,60.4,82.4,88.7,85,70,CHL,AME,67
China,2018,57.8,46.7,47.3,65.4,70.4,71.6,85.9,54.9,61.4,71.4,73.2,25,20,CHN,AP,39
Colombia,2018,68.9,60.7,33.4,36.4,80.3,74.4,82.2,78.6,75.2,73.9,81.6,80,70,COL,AME,36
Comoros,2018,56.2,36.7,27.5,28.2,59.7,77.8,96.6,57.5,58.7,81.2,74.9,45,30,COM,SSA,27
Croatia,2018,61,65.9,40.5,56.5,66,32.5,67.2,58.9,43,79.1,87.4,75,60,HRV,WE/EU,48
Cuba,2018,31.9,29.7,38.1,10,49,0,64.4,20,20,66.4,64.7,10,10,CUB,AME,47
Cyprus,2018,67.8,71.2,41.3,56.7,75.2,52.9,79.3,77,55.7,83,86.9,75,60,CYP,WE/EU,59
Czech Republic,2018,74.2,73,51.1,57.9,82.9,48.6,96.2,72.5,76.8,85.2,86.9,80,80,CZE,WE/EU,59
Denmark,2018,76.6,84.8,84.1,83.6,41.4,10.6,96.7,92.5,82.8,86.4,86.9,90,80,DNK,WE/EU,88
Djibouti,2018,45.1,19,29,13.8,69.8,27.2,18,51.7,58.9,69.5,54.9,80,50,DJI,SSA,31
Dominica,2018,64.5,48.6,49.9,69.2,72.9,64.8,85.2,71.7,57.7,86.6,62.6,75,30,DMA,AME,57
Dominican Republic,2018,61.6,51.7,26.2,23.1,84.6,90.6,90.5,53.2,54.3,77.1,72.4,75,40,DOM,AME,30
Ecuador,2018,48.5,36.7,30.2,23.3,79.4,52.5,47,55.6,43.7,70.1,68.8,35,40,ECU,AME,34
Egypt,2018,53.4,32.7,32.2,52.5,84.2,65.1,1.2,71.5,51.5,69.6,70.9,60,50,EGY,MENA,35
Equatorial Guinea,2018,42,29.8,26.2,17.6,69.6,61,19.1,45.6,29.8,81.7,53.8,40,30,GNQ,SSA,16
Eritrea,2018,41.7,35.5,23.4,13.8,79.9,75.6,0,56.7,65.7,60.9,69.2,0,20,ERI,SSA,24
Estonia,2018,78.8,80.4,75.7,83.9,80.7,52.6,99.8,75.6,54.8,85.1,86.9,90,80,EST,WE/EU,73
Eswatini,2018,55.9,55.3,26.9,35.3,74.8,65.2,39.7,61.1,69.5,73.2,79.7,50,40,SWZ,SSA,38
Ethiopia,2018,52.8,31.1,37.7,37.6,76.5,90.6,85.5,40.2,51.3,67.1,60.7,35,20,ETH,SSA,34
Finland,2018,74.1,89,89.8,82.7,66.5,2.3,81.1,89.9,50.5,86,86.9,85,80,FIN,WE/EU,85
France,2018,63.9,84,65.1,72.7,47.3,2.7,60.8,80.2,45,81.6,81.9,75,70,FRA,WE/EU,72
Gabon,2018,58,29.9,33.4,27.8,74.3,84.6,92.3,49.3,61.7,81.4,60.9,60,40,GAB,SSA,31
Georgia,2018,76.2,62.8,61.8,64.2,87,73.3,91.8,86.9,77.3,79.6,89.4,80,60,GEO,ECA,58
Germany,2018,74.2,81,75.3,78,61.3,41.3,90.8,86.1,53.3,86.2,86.9,80,70,DEU,WE/EU,80
Ghana,2018,56,48.9,32.9,43.7,83.5,79,9.5,59.5,56.2,63.7,65.1,70,60,GHA,SSA,41
Greece,2018,57.3,52.3,37.9,59,60.4,20.9,70.5,74.4,54.4,81,81.9,55,40,GRC,WE/EU,45
Guinea,2018,52.2,32.4,26.9,28.2,65.9,80.6,61,54.1,54,71.8,61.2,50,40,GIN,SSA,28
Guyana,2018,58.7,42.1,34.8,42.5,68.4,70.8,73.8,60.3,70.5,79.3,71.5,60,30,GUY,AME,37
Haiti,2018,55.8,25.1,24.6,42.5,80.1,85.6,83.6,48.3,64.1,68.9,71.9,45,30,HTI,AME,20
Hong Kong,2018,90.2,92.5,82.8,84.3,93.1,90.2,100,96.3,89.4,84.3,90,90,90,HKG,AP,76
Iceland,2018,77,86.7,77.3,72.6,72.1,44.2,94.3,89.5,61.8,81.7,88.5,85,70,ISL,WE/EU,76
India,2018,54.5,55.4,47.2,54.3,79.4,77.7,13.2,56.4,41.8,75.9,72.4,40,40,IND,AP,41
Indonesia,2018,64.2,49.3,42.8,45.2,83.7,90.7,89.4,57.3,50.3,81.6,80.5,40,60,IDN,AP,38
Iran,2018,50.9,32.5,32.6,35.3,81,91.1,91.7,64.3,58.2,59.8,54.5,0,10,IRN,MENA,28
Iraq,2018,N/A,36.7,23.4,11.4,N/A,45.4,11.9,59.1,69.8,79.2,N/A,N/A,N/A,IRQ,MENA,18
Ireland,2018,80.4,87.7,79,79,76.1,69.6,80.8,81.8,76.4,87.4,86.9,90,70,IRL,WE/EU,73
Israel,2018,72.2,78.2,61.2,83.1,60.9,51.8,79,71.8,65.1,85.3,85.5,75,70,ISR,MENA,61
Italy,2018,62.5,71.2,40.1,60.9,55.2,24.1,68.2,70.3,50.3,88.2,86.9,85,50,ITA,WE/EU,52
Japan,2018,72.3,86,79.2,73.2,67.4,54.1,49.3,81.7,79.2,85.4,82.3,70,60,JPN,AP,73
Jordan,2018,64.9,57.6,51.9,57.3,92.4,69.4,27.7,63,58.9,88.7,82,70,60,JOR,MENA,49
Kazakhstan,2018,69.1,56,44.6,58.1,92.6,85.3,87.3,74.3,86.8,68.2,75.6,50,50,KAZ,ECA,31
Kenya,2018,54.7,47.9,27.5,44,78.5,77.5,14.1,55.5,62.9,74,69.8,55,50,KEN,SSA,27
Kosovo,2018,66.6,52.3,45.4,59,93.2,77.9,92.8,72.6,58.3,81.2,70.8,65,30,KSV,ECA,37
Kuwait,2018,62.2,52,36.6,53.5,97.7,20.5,99.3,57.2,61.5,73.7,79.1,55,60,KWT,MENA,41
Laos,2018,53.6,34.1,33.1,41.4,86.7,79.3,60.2,65.4,55,76,56.6,35,20,LAO,AP,29
Latvia,2018,73.6,68.3,45.4,58.9,84,59,95.3,80.1,72.5,87.3,86.9,85,60,LVA,WE/EU,58
Lebanon,2018,53.2,39.7,20.2,33.6,91.9,78.2,0,48.8,44.2,81.9,84.5,65,50,LBN,MENA,28
Lesotho,2018,53.9,49.4,32.9,52.7,48.2,23.8,90.5,52.9,58.9,74.2,68.5,55,40,LSO,SSA,41
Liberia,2018,50.9,28.2,32,42.4,77.5,59.4,39.1,53.1,59.5,71.4,72.8,55,20,LBR,SSA,32
Libya,2018,N/A,5.2,23.1,22.1,90.5,0,19.9,63.5,45.9,56.2,80,5,N/A,LBY,MENA,17
Lithuania,2018,75.3,73.8,50.9,66.7,86.4,63.9,96.7,73.4,64.5,89.9,86.9,80,70,LTU,WE/EU,59
Luxembourg,2018,76.4,82.7,79,77.9,65.1,48.5,99,69.2,46.2,87.6,86.9,95,80,LUX,WE/EU,81
Madagascar,2018,56.8,33.2,17.8,21.4,90.3,92.9,82.5,45.6,41.5,73.4,78,55,50,MDG,SSA,25
Malawi,2018,52,33.1,28.9,47.1,76.9,70.7,28.1,47.7,59.9,60.4,71.5,50,50,MWI,SSA,32
Maldives,2018,51.1,45,36.6,38.8,94.3,45.5,6.7,78.6,70.6,83.3,48.4,35,30,MDV,AP,31
Mali,2018,57.6,31.9,31.4,32.4,68.1,85.3,84.8,52.8,48.4,81.9,68.7,65,40,MLI,SSA,32
Malta,2018,68.5,68.1,49.9,62.8,64.7,51,90,64,61.1,78.8,86.9,85,60,MLT,WE/EU,54
Mauritania,2018,54,23.9,28.9,17.6,75.9,72.8,71.8,64.2,59.2,82.4,61.5,50,40,MRT,SSA,27
Mauritius,2018,75.1,68.7,52.1,69.6,91,80.7,73.7,77.5,66.8,82.9,88.7,80,70,MUS,SSA,51
Mexico,2018,64.8,58.6,26.9,39,75.7,78.1,69.8,67.5,59.8,79.2,88,75,60,MEX,AME,28
Moldova,2018,58.4,53.5,26.6,26.3,85.3,56.7,90,66,39.9,73.2,78.3,55,50,MDA,ECA,33
Mongolia,2018,55.7,51,34.8,30.9,88.4,57.1,3.8,67,75.6,79.1,75.9,45,60,MNG,AP,37
Montenegro,2018,64.3,54.2,38.1,51.3,85.2,35.7,69.1,72.9,70.9,84.9,84.7,75,50,MNE,ECA,45
Morocco,2018,61.9,53.8,41.3,44.3,70.5,70.5,60.6,69.6,36,82.3,79.4,65,70,MAR,MENA,43
Namibia,2018,58.5,56.6,45.4,54.2,63,50.4,16.5,67.5,85.5,74.8,83.3,65,40,NAM,SSA,53
Nepal,2018,54.1,37.5,24.6,36.2,84.2,87.6,98.5,64.6,43.5,65.8,66.6,10,30,NPL,AP,31
Netherlands,2018,76.2,87.9,86,74.1,52.5,39.1,88.2,80.5,61.5,87.5,86.9,90,80,NLD,WE/EU,82
New Zealand,2018,84.2,95.1,95.7,88.4,70.5,49.5,98.3,91.5,84.4,90,87.4,80,80,NZL,AP,87
Niger,2018,49.5,37.4,30.4,32.6,73.3,72.9,15.8,45.5,45.7,83.5,61.5,55,40,NER,SSA,34
Nigeria,2018,58.5,38,14.4,39.6,84.4,96.3,80.9,49.3,81.5,66.9,65.5,45,40,NGA,SSA,27
Norway,2018,74.3,86.4,93.6,86,56.4,29.2,97.8,90.4,54.6,73.9,87.9,75,60,NOR,WE/EU,84
Oman,2018,61,59.5,51.5,57.4,98.5,25,17.7,76.3,55.2,79.2,86.2,65,60,OMN,MENA,52
Papua New Guinea,2018,55.7,38,33.1,55.1,71.1,82,51.9,60.6,66.7,68.8,85.9,25,30,PNG,AP,28
Peru,2018,68.7,56.9,36.6,33.5,80.6,85.6,94.7,69.2,62.4,83.1,87.1,75,60,PER,AME,35
Philippines,2018,65,45,34.4,38.2,78.9,89.3,97.7,62.6,57.6,76.3,80.7,60,60,PHL,AP,36
Poland,2018,68.5,61.8,50.9,56.6,75.9,47.8,81.5,67.2,63.9,85,86.9,75,70,POL,WE/EU,60
Portugal,2018,63.4,69.2,56.8,70.1,59.8,29.8,46,83.2,44.1,85.3,86.9,70,60,PRT,WE/EU,64
Qatar,2018,72.6,70.3,71.6,59.8,99.6,60.2,95.4,71.3,65.4,75,83.3,60,60,QAT,MENA,62
Romania,2018,69.4,61,40,59.7,87.3,66.9,91.1,65.2,66.8,82.8,86.9,75,50,ROU,WE/EU,47
Russia,2018,58.2,48.7,38.1,46.9,85.8,62.5,87.7,77,52,60.8,79.4,30,30,RUS,ECA,28
Rwanda,2018,69.1,69.8,61.2,79.6,75.8,77.7,82.3,55,81.2,76.5,70.7,60,40,RWA,SSA,56
Saint Lucia,2018,67.6,67.9,50.9,69.2,75.5,72.4,67.7,76.6,69.5,81.7,74.3,65,40,LCA,AME,55
Saint Vincent and the Grenadines,2018,67.7,36.7,51.5,69.2,72.7,72.7,83.4,80,75,85.4,75.7,70,40,VCT,AME,58
Saudi Arabia,2018,59.6,53.1,49.9,60.2,99.7,52,19.7,74,64.8,73.8,78.2,40,50,SAU,MENA,49
Senegal,2018,55.7,41.3,42.6,40.4,68.5,72.7,58.4,51.5,41.4,84.7,66.7,60,40,SEN,SSA,45
Seychelles,2018,61.6,60.7,38.8,38.8,73.4,63,90.6,63.4,57.5,81.5,86.7,55,30,SYC,SSA,66
Sierra Leone,2018,51.8,33.6,22,29.6,79.9,89.8,65.9,51.3,30.5,69.5,69.4,60,20,SLE,SSA,30
Singapore,2018,88.8,98.4,91.2,90.9,90.4,90.6,80,90.9,92.6,85.2,90,85,80,SGP,AP,85
Slovakia,2018,65.3,68.2,38.2,38.8,78.9,44.3,84.9,63.9,54,81,86.9,75,70,SVK,WE/EU,50
Slovenia,2018,64.8,76.6,52.1,57.7,58.7,31.2,66.3,79.5,61.3,87.3,86.9,70,50,SVN,WE/EU,60
Solomon Islands,2018,57.5,49.4,36.8,57.3,65.5,35.6,99.8,68.9,72.4,84,74.7,15,30,SLB,AP,44
Somalia,2018,N/A,33.1,17.8,25.4,N/A,N/A,N/A,N/A,N/A,N/A,N/A,N/A,N/A,SOM,SSA,10
South Africa,2018,63,67.7,45.4,65.9,62.5,68.1,74.6,65.1,60.1,74.6,71.6,50,50,ZAF,SSA,43
South Korea,2018,73.8,79.4,49.9,63.7,73.3,68.8,97,90.7,58.7,83.9,80.4,70,70,KOR,AP,57
Spain,2018,65.1,73.1,51.5,62,62,42.8,36.1,66.3,59,86.7,86.9,85,70,ESP,WE/EU,58
Sri Lanka,2018,57.8,46.5,30.7,52,84.9,89.3,24.9,76.2,60.1,74,74.5,40,40,LKA,AP,38
Sudan,2018,49.4,27.8,21.2,21.4,85.9,95.3,87.2,52.3,58.8,62.2,56.1,5,20,SDN,SSA,16
Suriname,2018,48.1,39.7,39.9,21.4,71.4,76.4,11.7,48.3,73.5,50.5,74.8,40,30,SUR,AME,43
Sweden,2018,76.3,92.6,92.9,88.2,43.9,23.2,96.1,89.3,53.7,83.8,86.9,85,80,SWE,WE/EU,85
Switzerland,2018,81.7,84.2,82.8,82.1,70.5,65.4,95.9,75.7,73.9,85.2,90,85,90,CHE,WE/EU,85
Syria,2018,N/A,36.7,23.1,22.1,N/A,N/A,13.8,61.8,59.2,44.2,56.6,0,N/A,SYR,MENA,13
Taiwan,2018,76.6,84.3,70.9,69.2,76.1,90.4,90.8,93.2,54.9,83.3,86.2,60,60,TWN,AP,63
Tajikistan,2018,58.3,46.8,38.2,50.3,91.8,71.4,90.4,63.4,52.2,69.6,70.6,25,30,TJK,ECA,25
Tanzania,2018,59.9,38,31.8,34.7,79.8,89.8,79,50,63.9,70.3,76.9,55,50,TZA,SSA,36
Timor-Leste,2018,48.1,29.9,32,13.8,97.4,30.9,20,66.9,62.7,78.4,80,45,20,TLS,AP,35
Togo,2018,47.8,32.7,31.4,28.2,64.3,73.3,7.5,49.7,45.2,78.5,67.2,65,30,TGO,SSA,30
Trinidad and Tobago,2018,57.7,54.9,33.1,49.8,83.5,54.4,12.6,68.3,74.5,77.4,73.5,60,50,TTO,AME,41
Tunisia,2018,58.9,49.4,36.8,41.7,73,75.5,61.6,81.4,52.9,77.2,82.1,45,30,TUN,MENA,43
Turkey,2018,65.4,54.7,42,54.5,74.7,68.1,93.6,63.3,47.6,72.3,78.6,75,60,TUR,ECA,41
Turkmenistan,2018,47.1,29.8,27.3,5,95.9,92.2,98.6,30,20,76.3,80,0,10,TKM,ECA,20
Uganda,2018,62,43.5,28.3,40.3,73,90.9,80.7,45.4,83.9,80.5,78.1,60,40,UGA,SSA,26
Ukraine,2018,51.9,41,29,29.5,80.2,45,75.9,62.7,52.8,60.1,81.1,35,30,UKR,ECA,32
United Arab Emirates,2018,77.6,76.3,77.3,83.4,98.4,70.9,99,79.9,81.1,80.2,84.3,40,60,ARE,MENA,70
United Kingdom,2018,78,92.2,79,93.8,65.2,44.4,53.5,91.1,74.4,85.2,86.9,90,80,GBR,WE/EU,80
Uzbekistan,2018,51.5,48.7,24.2,35.3,91,65.5,99.7,66.9,52,61.9,62.5,0,10,UZB,ECA,23
Vanuatu,2018,69.5,67.9,75.4,47.1,97,78.5,98,55.2,59.5,75.7,75,65,40,VUT,AP,46
Vietnam,2018,53.1,46.4,30.4,36.3,79.7,74,27.3,63.2,60.4,75.4,78.7,25,40,VNM,AP,33
Yemen,2018,N/A,17.9,21.2,16.6,N/A,80.9,5.4,52.7,52.1,66.6,N/A,50,N/A,YEM,MENA,14
Zambia,2018,54.3,46,36.3,40.6,72.1,80.2,14.4,69.8,43.5,65.4,78.3,55,50,ZMB,SSA,35
Zimbabwe,2018,44,27.6,18.9,33,61.1,72,59.1,37.1,38.8,76.9,69.1,25,10,ZWE,SSA,22
Afghanistan,2019,51.5,19.6,25.2,29.6,91.7,80.3,99.3,49.2,60.4,76.7,66,10,10,AFG,AP,16
Albania,2019,66.5,54.8,40.4,30.6,86.3,73.9,80.6,69.3,52.7,81.5,87.8,70,70,ALB,ECA,35
Algeria,2019,46.2,31.6,28.9,36.2,76.4,48.7,18.7,61.6,49.9,74.9,67.4,30,30,DZA,MENA,35
Angola,2019,50.6,35.9,20.5,26.6,83.9,80.7,58.2,55.7,58.8,55.4,61.2,30,40,AGO,SSA,26
Argentina,2019,52.2,47.8,33.5,44.5,69.3,49.5,33,56.4,46.9,60.2,70,55,60,ARG,AME,45
Armenia,2019,67.7,57.2,38.6,46.3,84.7,79,53,78.3,71.4,77.8,80.8,75,70,ARM,ECA,42
Australia,2019,80.9,79.1,79.9,86.5,62.8,60.1,86.2,88.3,84.1,86.6,87.6,80,90,AUS,AP,77
Austria,2019,72,84.2,77.4,71.3,50.5,24.5,85.5,74.9,68.7,81.5,86,90,70,AUT,WE/EU,77
Azerbaijan,2019,65.4,59.1,44.7,53.1,87.5,59.5,89.4,69.5,63.9,63,74.6,60,60,AZE,ECA,30
Bahrain,2019,66.4,63.5,53.6,50.7,99.7,62.7,3.7,71.4,71.1,81.6,83.8,75,80,BHR,MENA,42
Barbados,2019,64.7,52.9,53.8,59.9,70.1,65,79.5,69.8,59.9,78.3,56.6,70,60,BRB,AME,62
Belarus,2019,57.9,55.2,37.7,51.7,89.4,41.3,85.4,75,75.3,67,76.4,30,10,BLR,ECA,45
Belgium,2019,67.3,81.3,72.5,61.6,47.1,15.2,73.4,78.1,61,76.1,86,85,70,BEL,WE/EU,75
Benin,2019,55.3,37.2,28.1,32.8,69.3,83.4,27.9,62.4,53.8,86.4,61.8,70,50,BEN,SSA,41
Bhutan,2019,62.9,62.5,54.5,55.4,83,71.6,77.6,68.7,79.5,72.6,79.4,20,30,BTN,AP,68
Bolivia,2019,42.3,20.5,19.7,12.3,82.4,49.3,17.6,58.8,52.9,68.8,70.4,15,40,BOL,AME,31
Bosnia and Herzegovina,2019,61.9,40.2,30.2,37.9,84.3,46.1,96.6,49.7,67,83.1,82.6,65,60,BIH,ECA,36
Botswana,2019,69.5,58.1,52.4,45.7,82.7,65.9,94.6,68.7,68.2,78.8,83.8,65,70,BWA,SSA,61
Brazil,2019,51.9,57.3,28.1,51.7,70.5,55.2,5.9,57.9,51.9,75.5,69,50,50,BRA,AME,35
Brunei Darussalam,2019,65.1,64,43.7,56,90.7,59.9,20,80.2,90.8,76.5,84,65,50,BRN,AP,60
Bulgaria,2019,69,62.5,35.1,41.9,90.2,63.9,98.8,62.7,68.4,88,86,70,60,BGR,WE/EU,43
Burkina Faso,2019,59.4,49.1,36.6,42.9,81.9,80,61.8,51.6,52.3,86.2,65.2,65,40,BFA,SSA,40
Burundi,2019,48.9,20.6,26.2,31,74,83.3,23.3,50.3,67.5,62.2,68.2,50,30,BDI,SSA,19
Cabo Verde,2019,63.1,44.1,43.7,49,76.4,71.2,59.7,65.2,55.7,84.1,68.2,80,60,CPV,SSA,58
Cambodia,2019,57.8,37.4,16.7,27.6,89.7,85.9,89.1,29.9,63,79.4,65.4,60,50,KHM,AP,20
Cameroon,2019,52.4,42.5,25.5,31.3,74.4,87.5,58.4,44.4,47.8,84,53.4,30,50,CMR,SSA,25
Canada,2019,77.7,87,84.6,69.4,76.8,51.3,83.1,81.9,73.7,77.2,86.8,80,80,CAN,AME,77
Central African Republic,2019,49.1,19.6,23.2,29.6,65.2,94.2,94.3,24.2,40.1,72.3,51,45,30,CAF,SSA,25
Chad,2019,49.9,26.7,23.2,24.6,46.1,92.4,85.2,28.1,43.2,82.3,47.2,60,40,TCD,SSA,20
Chile,2019,75.4,68.7,62.3,56.3,77.3,81,89,76.6,65,84.5,88.8,85,70,CHL,AME,67
China,2019,58.4,49.9,49.1,75.2,70.4,70.1,76,56.2,64.2,71.9,73,25,20,CHN,AP,41
Colombia,2019,67.3,59.2,33.5,34.3,74.3,75,79.2,71.4,78.5,75.6,76,80,70,COL,AME,37
Comoros,2019,55.4,36.5,24.4,29.6,63.9,73.4,91.7,57.2,60.3,82.8,70,45,30,COM,SSA,25
Croatia,2019,61.4,66,38.6,42.9,66.4,33.4,85.4,60.7,44,78.5,86,75,60,HRV,WE/EU,47
Cuba,2019,27.8,31.6,37.7,10,48.8,0,15.6,20,20,65.6,64,10,10,CUB,AME,48
Cyprus,2019,68.1,73.1,43.7,48.1,74.9,55.2,80.3,76.9,59.5,84,86,75,60,CYP,WE/EU,58
Czech Republic,2019,73.7,74.8,52.1,47.6,82.6,52.1,97.6,72.4,78.1,81.5,86,80,80,CZE,WE/EU,56
Denmark,2019,76.7,86.2,85.8,77.8,42,14.4,96.7,90.7,86.4,84.1,86,90,80,DNK,WE/EU,87
Djibouti,2019,47.1,29.7,28.1,18.1,76.2,27.3,18.1,54.7,60.4,72.7,50.4,80,50,DJI,SSA,30
Dominica,2019,63.6,49.2,54.5,63.8,72.1,53.5,84.7,70.7,60.4,85.7,68.2,70,30,DMA,AME,55
Dominican Republic,2019,61,50.6,23.2,18.1,84.6,90.3,89.9,51.9,57.6,79.7,75.8,70,40,DOM,AME,28
Ecuador,2019,46.9,35.9,25.3,20.2,77,55.5,32.1,54.1,48.2,73.5,66.4,35,40,ECU,AME,38
Egypt,2019,52.5,37,29.2,48.3,85.2,68.1,0,65.9,51.6,62.3,71.8,60,50,EGY,MENA,35
Equatorial Guinea,2019,41,29.7,15.8,18.1,71.3,67.6,16.4,37.6,32.7,83.7,48.8,40,30,GNQ,SSA,16
Eritrea,2019,38.9,35.5,19.7,18.1,81.4,73.9,0,17.7,70,61,69.2,0,20,ERI,SSA,23
Estonia,2019,76.6,81.5,73.1,76,79.9,51.1,99.8,75.3,57.2,79.6,86,90,70,EST,WE/EU,74
Eswatini,2019,54.7,41.7,35,42.9,74.8,65.6,18.3,59.2,67.5,73.7,87.6,50,40,SWZ,SSA,34
Ethiopia,2019,53.6,32.6,35.1,40.9,77.2,90.4,83.3,48.6,58,60.8,60.8,35,20,ETH,SSA,37
Finland,2019,74.9,89.6,92.5,81.2,66.8,7.2,86.4,89.4,50.3,84.8,86,85,80,FIN,WE/EU,86
France,2019,63.8,82.5,67.9,66.1,48.4,3.9,64.9,81.2,45.2,79.1,81,75,70,FRA,WE/EU,69
Gabon,2019,56.3,28.1,35.5,30.6,75.8,86.6,82.1,52.1,53,80,51.2,60,40,GAB,SSA,31
Georgia,2019,75.9,65.9,58.5,54.6,87.1,73.6,93.9,85.8,76.6,76,88.6,80,70,GEO,ECA,56
Germany,2019,73.5,79.9,81.3,75.4,60.8,42.3,91.8,83.3,52.8,77.9,86,80,70,DEU,WE/EU,80
Ghana,2019,57.5,49.1,35.5,44.2,78.8,82,23.9,56.5,59.9,66.3,63.4,70,60,GHA,SSA,41
Greece,2019,57.7,52.4,37.7,49.5,59.1,23.3,79,74.1,52.5,79.1,81,55,50,GRC,WE/EU,48
Guinea,2019,55.7,34.7,25.5,32.6,69.4,89.8,87.2,54.6,54.9,66.4,63.2,50,40,GIN,SSA,29
Guyana,2019,56.8,41.7,33.2,42.9,67,69.4,77.6,59.3,62,76.9,66.8,55,30,GUY,AME,40
Haiti,2019,52.7,10.4,20.3,25.3,79.9,88.3,95.9,36.2,62.6,66.5,72,45,30,HTI,AME,18
Hong Kong,2019,90.2,93.3,83.8,75.3,93.1,90.3,100,96.4,89.2,86.4,95,90,90,HKG,AP,76
Iceland,2019,77.1,87.4,83.8,63.8,72.7,44,96.7,88.4,64.1,81.7,87,85,70,ISL,WE/EU,78
India,2019,55.2,57.3,47.8,61.6,79.4,77.3,14.7,57.1,41.8,72.4,72.4,40,40,IND,AP,41
Indonesia,2019,65.8,52.2,39.5,53.5,83.7,91.4,88.1,69.3,49.3,77.4,79.8,45,60,IDN,AP,40
Iran,2019,51.1,33.5,35,41.3,80.9,89.8,89.5,62.2,50.7,60.1,54.6,5,10,IRN,MENA,26
Iraq,2019,N/A,37,20.3,12.3,N/A,52.8,13.3,54.4,53.1,81.4,N/A,N/A,N/A,IRQ,MENA,20
Ireland,2019,80.5,85.8,78,68.4,76.3,77.4,89,83.1,75.3,87,86,90,70,IRL,WE/EU,74
Israel,2019,72.8,80,67.9,73.4,61.9,52.4,85.3,71.4,65.1,86.2,84.4,75,70,ISR,MENA,60
Italy,2019,62.2,71.7,43.7,49.8,55.6,26.5,71.3,71.7,51.1,84,86,85,50,ITA,WE/EU,53
Japan,2019,72.1,84.1,78,68.5,68.2,55,55.7,80.5,79,85.9,80,70,60,JPN,AP,73
Jordan,2019,66.5,58.4,50.3,52.6,91.4,73.4,60.6,61.8,52.7,85,81.4,70,60,JOR,MENA,48
Kazakhstan,2019,65.4,59.3,40.3,56.1,93.4,83.7,41,73.9,86.2,70.9,80,50,50,KAZ,ECA,34
Kenya,2019,55.1,53.8,32.1,46.9,79.5,77.8,13.8,55.8,63.4,72.7,60.4,55,50,KEN,SSA,28
Kosovo,2019,67,57.2,44.7,53.5,92.5,77.7,96,73.8,64.9,78.3,70.8,65,30,KSV,ECA,36
Kuwait,2019,60.8,52.9,35.3,43.3,97.7,17.3,99.1,57.4,61.7,70.6,79,55,60,KWT,MENA,40
Laos,2019,57.4,38.8,33.5,42.5,86.9,85.3,66.5,60.1,60.1,78.5,81.8,35,20,LAO,AP,29
Latvia,2019,70.4,67.3,35.5,48.4,77,57.1,96.9,77.5,73.3,81.1,86,85,60,LVA,WE/EU,56
Lebanon,2019,51.1,39.5,18.2,26.6,91.8,75.6,0,47.9,46.5,78.1,79,60,50,LBN,MENA,28
Lesotho,2019,53.1,41.5,30.9,45.7,59.4,33,63.5,53.3,58.8,75,81,55,40,LSO,SSA,40
Liberia,2019,49.7,26.7,24.2,39,82.7,62.1,69.1,50.6,38.3,68.9,60.1,55,20,LBR,SSA,28
Libya,2019,N/A,7.6,15.8,24.4,N/A,0,20,40.2,51.3,52.8,N/A,5,N/A,LBY,MENA,18
Lithuania,2019,74.2,73.6,47.8,61.2,86.4,65.1,97.3,75.2,63.6,84.6,86,80,70,LTU,WE/EU,60
Luxembourg,2019,75.9,83,85.8,72.4,65.4,46.6,98.9,68.8,45.9,82.6,86,95,80,LUX,WE/EU,80
Madagascar,2019,56.6,33.2,14.3,24.4,91,91.8,85.5,47.3,44.6,72.4,69.2,55,50,MDG,SSA,24
Malawi,2019,51.4,35.8,25.2,40.1,79.8,70.3,19.1,41.7,64,65.5,75.4,50,50,MWI,SSA,31
Maldives,2019,53.2,43.9,33.5,36.4,95.8,60.8,10.7,78.3,70.8,81,62.6,35,30,MDV,AP,29
Mali,2019,58.1,33.7,29.6,33.4,68.7,85.4,84.2,53.8,52.2,81.6,69.8,65,40,MLI,SSA,29
Malta,2019,68.6,69.8,50.3,50.4,64.2,56.1,94.5,67.1,61.3,78.2,86,85,60,MLT,WE/EU,54
Mauritania,2019,55.7,27.5,30.6,30.6,78,74.2,80.6,61.9,51.5,81.2,62.6,50,40,MRT,SSA,28
Mauritius,2019,73,69.5,40.3,62.1,92.1,80.3,73.6,79.8,60.8,79.4,88.4,80,70,MUS,SSA,52
Mexico,2019,64.7,59.1,26.3,34.9,75.8,78.2,83.2,67.8,58.6,75.9,81.4,75,60,MEX,AME,29
Moldova,2019,59.1,55.2,25.4,29.6,85.4,59.1,92,67,39,73.5,78,55,50,MDA,ECA,32
Mongolia,2019,55.4,48.2,29.8,23.8,88.5,63.1,6.2,66,75,77.8,75.8,50,60,MNG,AP,35
Montenegro,2019,60.5,55.4,39.5,51.8,85.3,32.6,23.2,73.3,73.4,81.6,84.7,75,50,MNE,ECA,45
Morocco,2019,62.9,57.2,39.2,47.1,72.2,72.7,66.9,70.3,33.1,83.5,77.4,65,70,MAR,MENA,41
Namibia,2019,58.7,55.9,49.8,54.7,66.5,48.9,15.7,65.8,85.1,74.4,83,65,40,NAM,SSA,52
Nepal,2019,53.8,39.2,26.2,34.7,84,83.7,98.5,61.8,47.9,69.4,60.4,10,30,NPL,AP,34
Netherlands,2019,76.8,88,89.1,74.7,51.6,42.9,93.3,81.4,60.3,84,86,90,80,NLD,WE/EU,82
New Zealand,2019,84.4,95,96.7,83.5,71,50.4,98.6,91,86.7,87.5,92.4,80,80,NZL,AP,87
Niger,2019,51.6,37.2,34.1,31,76.9,75.6,22.2,56.3,48.2,76.7,65.8,55,40,NER,SSA,32
Nigeria,2019,57.3,36.5,20.5,34.3,85,96.5,68.2,51.2,83.3,65,62.4,45,40,NGA,SSA,26
Norway,2019,73,86.1,92.3,81.2,57.4,25.3,97.3,89.4,53.7,75.4,83.2,75,60,NOR,WE/EU,84
Oman,2019,61,58.1,53.8,51.6,97.8,32.5,16.1,75.2,57.3,77.7,87,65,60,OMN,MENA,52
Papua New Guinea,2019,58.4,37.4,37.2,49,71.8,89.1,75.2,62.2,72.6,70,80.9,25,30,PNG,AP,28
Peru,2019,67.8,56.1,31.8,34,80.6,86.1,88.5,67.8,63.5,83.9,86.4,75,60,PER,AME,36
Philippines,2019,63.8,48.7,30.9,36.4,76.9,88.7,97.1,61.3,57.9,69.6,78.2,60,60,PHL,AP,34
Poland,2019,67.8,62.3,49.8,44,74.9,48.8,86.4,65.4,63.9,82.1,86,80,70,POL,WE/EU,58
Portugal,2019,65.3,71.5,59.5,64.3,59.9,35.6,69.8,79.7,44.3,83,86,70,60,PRT,WE/EU,62
Qatar,2019,72.6,64.5,77.4,60,99.7,56.8,94,71.2,65.9,78.4,83.2,60,60,QAT,MENA,62
Romania,2019,68.6,66.7,39.8,51.9,89.7,69,89.3,63.1,64.5,82.7,86,70,50,ROU,WE/EU,44
Russia,2019,58.9,52.4,36.6,45.1,89.4,62.3,86.6,78.4,52.5,65.1,77.8,30,30,RUS,ECA,28
Rwanda,2019,71.1,72.2,67.9,83.2,79.8,79.4,86.3,56.2,82.2,76.1,70.4,60,40,RWA,SSA,53
Saint Lucia,2019,68.7,65.9,50.3,63.8,76.2,79.3,81.3,76.3,69.2,83.9,73.2,65,40,LCA,AME,55
Saint Vincent and the Grenadines,2019,65.8,36.5,50.5,63.8,71.2,74.3,85,76.5,73.5,82.2,66.6,70,40,VCT,AME,59
Saudi Arabia,2019,60.7,55,49.8,62.7,99.8,57.5,19.4,72.3,63.3,78.1,76,45,50,SAU,MENA,53
Senegal,2019,56.3,47.8,40.3,40.4,70.8,73.3,60,53.3,39.4,78.2,72,60,40,SEN,SSA,45
Seychelles,2019,61.4,58.2,39.2,37.5,76.3,60.3,92,63.3,63.2,80,81.4,55,30,SYC,SSA,66
Sierra Leone,2019,47.5,35.5,26.2,34.5,87.3,84.4,13.2,44.9,29.3,65,69.4,60,20,SLE,SSA,33
Singapore,2019,89.4,97.4,95.1,92.4,90.4,90.7,80,90.8,91,85.3,94.8,85,80,SGP,AP,85
Slovakia,2019,65,68.5,37.7,37.2,78.6,46.1,87.2,61.3,53.4,78.6,86,75,70,SVK,WE/EU,50
Slovenia,2019,65.5,76.4,53.6,46.5,58.4,38.3,82.6,79.3,61.2,83.6,86,70,50,SVN,WE/EU,60
Solomon Islands,2019,54.6,49.9,33.5,51.7,65.5,36.5,89.4,68.6,72,86,56.8,15,30,SLB,AP,42
Somalia,2019,N/A,33.7,7.9,26.6,N/A,N/A,N/A,31.7,N/A,N/A,N/A,N/A,N/A,SOM,SSA,9
South Africa,2019,58.3,58.8,39.7,39.3,62.1,67.6,62.6,64.3,59.1,75.2,76,45,50,ZAF,SSA,44
South Korea,2019,72.3,79.3,50.5,57.5,64.2,68.6,96.8,91.3,57.4,82,80.4,70,70,KOR,AP,59
Spain,2019,65.7,72.9,51.9,51.4,62.3,46.2,51.1,66.8,57.8,87.5,86,85,70,ESP,WE/EU,62
Sri Lanka,2019,56.4,44.7,28.9,39.4,84.9,88.3,30.4,75.1,58.8,70.1,76.2,40,40,LKA,AP,38
Sudan,2019,47.7,27.5,26.2,22.2,86.3,96.6,76.1,52.1,59,56.9,45,5,20,SDN,SSA,16
Suriname,2019,48.1,49.1,35.5,22.2,70.9,77.2,9.6,48.3,73.5,56,64.6,40,30,SUR,AME,44
Sweden,2019,75.2,89.5,88,84,43.2,26.7,96.6,88,53.9,82,86,85,80,SWE,WE/EU,85
Switzerland,2019,81.9,85.3,88,82,70.5,64.8,96.3,75.4,72.5,85.2,87.4,85,90,CHE,WE/EU,85
Syria,2019,N/A,37,20.3,24.4,N/A,N/A,N/A,49.6,58.2,48.3,47,0,N/A,SYR,MENA,13
Taiwan,2019,77.3,85.4,69.2,70.1,75,90.6,91.6,93.2,60.9,84.4,87,60,60,TWN,AP,65
Tajikistan,2019,55.6,47.8,36.4,52.1,91.8,64.6,60.3,67.3,49.2,68.5,73.6,25,30,TJK,ECA,25
Tanzania,2019,60.2,35.4,33.2,41.4,80.5,90.3,85.2,46.6,66.2,70.4,67.8,55,50,TZA,SSA,37
Timor-Leste,2019,44.2,29.7,32.1,13.1,96.3,0.9,20,60.5,58.8,79.5,75,45,20,TLS,AP,38
Togo,2019,50.3,35.5,28.1,29.6,67.8,77,24.5,50.4,46.7,79.1,69.4,65,30,TGO,SSA,29
Trinidad and Tobago,2019,57,52.3,32.9,40.6,82.3,61.9,16.6,67.8,75.6,75.1,68.4,60,50,TTO,AME,40
Tunisia,2019,55.4,49.2,36.6,42.7,74.4,74.4,37.9,76.7,50.3,76,71.4,45,30,TUN,MENA,43
Turkey,2019,64.6,55.8,41.2,49.8,76.4,65.1,92.2,66,49.2,70,79.6,70,60,TUR,ECA,39
Turkmenistan,2019,48.4,31.6,20.3,29.8,95.9,92,92.3,30,20,73.4,76,10,10,TKM,ECA,19
Uganda,2019,59.7,42.2,25.4,38.5,73.3,88.7,68.6,46.3,83.2,80.1,75.4,55,40,UGA,SSA,28
Ukraine,2019,52.3,43.9,29.6,31.5,81.8,46.9,82.6,66.1,46.7,58.6,75,35,30,UKR,ECA,30
United Arab Emirates,2019,77.6,81.8,78.8,87.1,99.2,68.8,88.9,79.9,81.1,80.9,84.4,40,60,ARE,MENA,71
United Kingdom,2019,78.9,92.3,83.8,85.9,64.7,48.2,68.6,92.9,73.5,81.2,86,90,80,GBR,WE/EU,77
Uzbekistan,2019,53.3,49.8,25.2,34.3,91.3,67.4,98.7,72.5,58.7,58.9,62.6,10,10,UZB,ECA,25
Vanuatu,2019,56.4,65.9,51.9,36.4,97.3,54.1,15.3,52.4,58.8,75,64.4,65,40,VUT,AP,46
Vietnam,2019,55.3,49.8,34,40.3,79.7,74.1,40.7,63.5,62.8,68.9,79.2,30,40,VNM,AP,37
Yemen,2019,N/A,19.6,20.3,22.2,N/A,83.7,0,45.1,49.8,61.5,71.4,50,N/A,YEM,MENA,15
Zambia,2019,53.6,45,32.3,35.6,72.3,80.1,12.3,71.1,46,70.3,72.6,55,50,ZMB,SSA,34
Zimbabwe,2019,40.4,29.7,15.8,24.8,62.3,74.5,23.7,33.4,43.3,72.4,70,25,10,ZWE,SSA,24
